Group (same item),Name on website,Suggested name,Problem found,Category,Price range (billing),Item codes,Billing names (examples),YOUR DECISION (keep / rename to … / merge / remove)
1,Aadukku,Adukku,"Duplicate group 1: same item, spelled differently; very similar names – probably the same item | doubled first letter | unclear name – customers won’t know what this is",other,₹275,1,Aadukku 275,
1,Aaduku,Adukku,"Duplicate group 1: same item, spelled differently; very similar names – probably the same item | doubled first letter | unclear name – customers won’t know what this is",other,₹160 – ₹590,16,Aaduku 160 / Aaduku 185 / Aaduku 190,
1,Adiukku,Adukku,"Duplicate group 1: same item, spelled differently; very similar names – probably the same item",cookware,₹470,1,Adiukku Rs 470,
1,Adukku,,"Duplicate group 1: same item, spelled differently; very similar names – probably the same item",cookware,₹145 – ₹698,45,ADUKKU 250 / ADUKKU 460 / ADUKKU RS 189,
1,Aduku,Adukku,"Duplicate group 1: same item, spelled differently; very similar names – probably the same item | unclear name – customers won’t know what this is",other,₹119 – ₹3690,15,ADUKU Rs 119 / ADUKU Rs 298 / ADUKU Rs 349,
2,Aata Scoop,,"Duplicate group 2: same item, spelled differently | doubled first letter",cookware,₹105 – ₹165,3,AATA SCOOP 105 / AATA SCOOP 145 / AATA SCOOP 165,
2,Atta Scoop,Aata Scoop,"Duplicate group 2: same item, spelled differently",cookware,₹95 – ₹140,2,Atta Scoop Rs 140 / Atta Scoop Rs 95,
3,Aluminium Adukku,Aluminium Aduku,"Duplicate group 3: same item, spelled differently",cookware,₹560,1,AL Adukku Rs 560,
3,Aluminium Aduku,,"Duplicate group 3: same item, spelled differently",cookware,₹400 – ₹729,5,AL ADUKU Rs 400 / AL ADUKU Rs 450 / AL ADUKU Rs 598,
4,Aluminium Handi,,"Duplicate group 4: same item, spelled differently",cookware,₹108 – ₹1898,21,ALU.HANDI 218 / ALU.HANDI RS 187 / Alu handi Rs 108,
4,Aluminium Handy,Aluminium Handi,"Duplicate group 4: same item, spelled differently",cookware,₹85 – ₹669,20,AL HANDY Rs 105 / AL HANDY Rs 120 / AL HANDY Rs 138,
5,Anna Kudai,Annakudai,"Duplicate group 5: same item, spelled differently; very similar names – probably the same item",storage,₹369,1,Anna Kudai 369,
5,Annakoodai,Annakudai,"Duplicate group 5: same item, spelled differently; very similar names – probably the same item | unclear name – customers won’t know what this is",other,₹469,1,Annakoodai 469,
5,Annakudai,,"Duplicate group 5: same item, spelled differently; very similar names – probably the same item",cookware,₹98 – ₹2925,22,AnnaKudai Rs 2925 / Annakudai Rs 1129 / Annakudai Rs 1189,
6,B.murukku Achu,Murukku Achu,"Duplicate group 6: same item, spelled differently",cookware,₹695,1,B.Murukku achu Rs 695,
6,Murukku Achchu,Murukku Achu,"Duplicate group 6: same item, spelled differently | Spelling: ""achchu"" → ""achu""?",cookware,₹175 – ₹325,5,Murukku Achchu Rs 175 / Murukku Achchu Rs 220 / Murukku Achchu Rs 295,
6,Murukku Achu,,"Duplicate group 6: same item, spelled differently",cookware,₹10 – ₹398,10,MURUKKU  ACHU Rs 360 / MURUKKU ACHU 269 / MURUKKU ACHU 398,
6,Muruku Achu,Murukku Achu,"Duplicate group 6: same item, spelled differently",cookware,₹260 – ₹325,3,MURUKU ACHU Rs 260 / MURUKU ACHU Rs 300 / MURUKU ACHU Rs 325,
7,B.pancha Pathiram,Pancha Pathiram,"Duplicate group 7: same item, spelled differently",pooja,₹110 – ₹180,2,B.Pancha pathiram Rs 110 / B.Pancha pathiram Rs 180,
7,Pancha Pathiram,,"Duplicate group 7: same item, spelled differently",pooja,₹145 – ₹310,3,PANCHA PATHIRAM RS 310 / PANCHA PATHIRAM Rs 145 / Pancha pathiram Rs 229,
8,Bathi Stand,,"Duplicate group 8: same item, spelled differently",storage,₹40 – ₹120,4,BATHI STAND 40 / BATHI STAND RS 120 / Bathi Stand Rs 115,
8,Baththi Stand,Bathi Stand,"Duplicate group 8: same item, spelled differently | Spelling: ""baththi"" → ""bathi""?",storage,₹35,1,Baththi Stand Rs 35,
9,Bottle & Brush,Bottle Brush,"Duplicate group 9: same item, spelled differently",bottles,₹100,1,Bottle &Brush Rs 100,
9,Bottle Brush,,"Duplicate group 9: same item, spelled differently",bottles,₹20 – ₹120,12,BOTTLE BRUSH Rs 30 / BOTTLE BRUSH Rs 60 / Bottle Brush 25,
10,Brass Adukku,,"Duplicate group 10: same item, spelled differently",brass,₹429 – ₹4279,11,BRASS ADUKKU / BRASS ADUKKU 1130 / BRASS ADUKKU 1190,
10,Brass Aduku,Brass Adukku,"Duplicate group 10: same item, spelled differently",brass,₹1680,1,Brass aduku Rs 1680,
11,Brass Devsa,Brass Dewsa,"Duplicate group 11: same item, spelled differently",brass,₹2095 – ₹2425,3,BRASS DEVSA Rs 2240 / BRASS DEVSA Rs 2425 / BRASS DEVSA Rs 2498,
11,Brass Dewsa,,"Duplicate group 11: same item, spelled differently",brass,₹1590 – ₹2598,4,BRASS DEWSA Rs 1590 / BRASS DEWSA Rs 1980 / Brass Dewsa Rs 2450,
12,Brass Handi,,"Duplicate group 12: same item, spelled differently",brass,₹498 – ₹2980,37,BRASS HANDI 1398 / BRASS HANDI 1498 / BRASS HANDI 2190,
12,Brass Handy,Brass Handi,"Duplicate group 12: same item, spelled differently",brass,₹489 – ₹1790,8,BRASS HANDY / BRASS HANDY  Rs1230 / BRASS HANDY 1395,
13,Brass Murukku Achu,,"Duplicate group 13: same item, spelled differently",brass,₹849,1,Brass murukku achu Rs 849,
13,Brass Muruku Achu,Brass Murukku Achu,"Duplicate group 13: same item, spelled differently",brass,₹598 – ₹980,2,BRASS MURUKU ACHU Rs 598 / Brass muruku Achu  Rs980,
14,Brass Paneer Sombu,,"Duplicate group 14: same item, spelled differently",pooja,₹260,1,BRASS PANEER SOMBU Rs 260,
14,Brass Pannir Sombu,Brass Paneer Sombu,"Duplicate group 14: same item, spelled differently",pooja,₹290,1,Brass Pannir sombu 290,
15,Brass Tavala,Brass Tawala,"Duplicate group 15: same item, spelled differently; very similar names – probably the same item | Spelling: ""tavala"" → ""tawala""?",brass,₹1498 – ₹3490,2,Brass tavala R 3490 / Brass tavala Rs 1498,
15,Brass Tavalai,Brass Thavali,"Duplicate group 15: same item, spelled differently; very similar names – probably the same item | Spelling: ""tavalai"" → ""thavali""?",brass,₹2190,1,Brass tavalai 2190,
15,Brass Tawaala,Brass Tawala,"Duplicate group 15: same item, spelled differently; very similar names – probably the same item | Spelling: ""tawaala"" → ""tawala""?",brass,₹1869,1,BRASS TAWAALA 1869,
15,Brass Tawala,,"Duplicate group 15: same item, spelled differently; very similar names – probably the same item",brass,₹1929 – ₹4790,4,BRASS TAWALA 1929 / BRASS TAWALA 2169 / BRASS TAWALA 2390,
15,Brass Thavalai,Brass Tawala,"Duplicate group 15: same item, spelled differently; very similar names – probably the same item",brass,₹1349 – ₹3980,24,Brass Thavalai R s 2390 / Brass Thavalai Rs 1349 / Brass Thavalai Rs 1680,
17,Brass Urli,,"Duplicate group 17: same item, spelled differently",pooja,₹549 – ₹2590,11,BRASS URLI RS 1928 / BRASS URLI RS 2590 / BRASS URLI RS 840,
17,Brass Urly,Brass Urli,"Duplicate group 17: same item, spelled differently",pooja,₹298 – ₹449,2,BRASS URLY 298 / BRASS URLY 449,
18,Butterfly Standard +5 L,Butterfly Standard 5 L,"Duplicate group 18: same item, spelled differently",appliances,₹1769,1,BUTTERFLY STANDARD +5lit Rs 1769,
18,Butterfly Standard 5 L,,"Duplicate group 18: same item, spelled differently",appliances,₹1570,1,BUTTERFLY STANDARD 5lit. Rs 1570,
19,Carafe 1.5 L,Carafe 1500ml,"Duplicate group 19: same item, spelled differently",bottles,₹1530,1,Carafe 1.5 L Rs 1530,
19,Carafe 1500ml,,"Duplicate group 19: same item, spelled differently",bottles,₹1670,1,Carafe 1500ml Rs 1670,
20,Carafe 2 L,Carafe 2000ml,"Duplicate group 20: same item, spelled differently",bottles,₹1792,1,CARAFE 2.LIT RS 1792,
20,Carafe 2000ml,,"Duplicate group 20: same item, spelled differently",bottles,₹1960,1,Carafe 2000ml Rs 1960,
21,Casse Roles 3 P Set,Casse Roles 3p Set,"Duplicate group 21: same item, spelled differently",other,₹825,1,Casse Roles 3 p Set  Rs 825,
21,Casse Roles 3p Set,,"Duplicate group 21: same item, spelled differently",other,₹689,1,Casse Roles 3p Set Rs 689,
22,Chimta,,"Duplicate group 22: same item, spelled differently | unclear name – customers won’t know what this is",other,₹13 – ₹100,16,CHIMTA 40 / CHIMTA RS 55 / CHIMTA RS 65,
22,Cimta,Chimta,"Duplicate group 22: same item, spelled differently | unclear name – customers won’t know what this is",other,₹55,1,Cimta Rs 55,
23,Coconut Scraper,Coconut Scrapper,"Duplicate group 23: same item, spelled differently",other,₹20 – ₹350,10,COCONUT SCRAPER 200 / COCONUT SCRAPER Rs 110 / COCONUT SCRAPER Rs 20,
23,Coconut Scrapper,,"Duplicate group 23: same item, spelled differently",other,₹25 – ₹2690,12,COCONUT SCRAPPER RS 220 / COCONUT SCRAPPER RS 25 / COCONUT SCRAPPER Rs 125,
24,Coffee Dabara,Coffee Dabbara,"Duplicate group 24: same item, spelled differently; very similar names – probably the same item | Spelling: ""dabara"" → ""dabbara""?",cookware,₹35 – ₹350,6,COFFEE DABARA 350 / COFFEE DABARA RS 45 / Coffee dabara Rs 35,
24,Coffee Dabbara,,"Duplicate group 24: same item, spelled differently; very similar names – probably the same item",cookware,₹65,1,Coffie Dabbara Rs 65,
24,Coffee Dabra,Coffee Dabbara,"Duplicate group 24: same item, spelled differently; very similar names – probably the same item",cookware,₹78 – ₹270,3,Coffee Dabra Rs 270 / Coffee Dabra Rs 78 / Coffee Dabra Rs 90,
25,Copper Handi,,"Duplicate group 25: same item, spelled differently",brass,₹1190 – ₹2530,3,Co.Handi  Rs 1190 / Co.Handi Rs 1689 / Co.Handi Rs 2530,
25,Copper Handy,Copper Handi,"Duplicate group 25: same item, spelled differently",brass,₹998 – ₹3980,14,COPPER HANDY RS 1195 / COPPER HANDY RS 2190 / COPPER HANDY RS 2995,
26,Curtain Spring 3f,,"Duplicate group 26: same item, spelled differently",home,₹40,1,Curtain spring 3F Rs 40,
26,Curtain Spring 4f,Curtain Spring 3f,"Duplicate group 26: same item, spelled differently",home,₹50,1,Curtain spring 4F Rs 50,
26,Curtain Spring 6f,Curtain Spring 3f,"Duplicate group 26: same item, spelled differently",home,₹60,1,Curtain spring 6F Rs 60,
27,Dabba,Dabbara,"Duplicate group 27: same item, spelled differently; very similar names – probably the same item",steel,₹6 – ₹525,20,DABBA Rs 10 / DABBA Rs 115 / DABBA Rs 12,
27,Dabbara,,"Duplicate group 27: same item, spelled differently; very similar names – probably the same item",steel,₹70 – ₹2990,219,DABBARA 1015 / DABBARA 1149 / DABBARA 142,
27,Dabbra,Dabbara,"Duplicate group 27: same item, spelled differently; very similar names – probably the same item | Spelling: ""dabbra"" → ""dabbara""? | unclear name – customers won’t know what this is",other,₹675 – ₹1260,4,DABBRA RS 1048 / DABBRA RS 1260 / Dabbra 675,
27,Dabra,Dabbara,"Duplicate group 27: same item, spelled differently; very similar names – probably the same item | unclear name – customers won’t know what this is",other,₹2810 – ₹4590,4,Dabra Rs 2810 / Dabra Rs 3650 / Dabra Rs 4075,
28,Deeba Arathi,Deepa Arathi,"Duplicate group 28: same item, spelled differently; very similar names – probably the same item",pooja,₹150,1,Deeba Arathi Rs 150,
28,Deepa Aarthi,Deepa Arathi,"Duplicate group 28: same item, spelled differently; very similar names – probably the same item | Spelling: ""aarthi"" → ""arathi""?",pooja,₹75 – ₹398,6,DEEPA AARTHI 398 / Deepa aarthi  165 / Deepa aarthi 100,
28,Deepa Arathi,,"Duplicate group 28: same item, spelled differently; very similar names – probably the same item",pooja,₹325,1,Deepa Arathi Rs 325,
28,Deepa Arthi,Deepa Arathi,"Duplicate group 28: same item, spelled differently; very similar names – probably the same item | Spelling: ""arthi"" → ""arathi""?",pooja,₹98 – ₹130,2,Deepa arthi Rs  130 / Deepa arthi Rs 98,
29,Dhubakkal,,"Duplicate group 29: same item, spelled differently",pooja,₹45 – ₹750,12,DHUBAKKAL 260 / DHUBAKKAL 750 / DHUBAKKAL RS 290,
29,Dubakkal,Dhubakkal,"Duplicate group 29: same item, spelled differently | unclear name – customers won’t know what this is",other,₹175 – ₹280,3,Dubakkal Rs 175 / Dubakkal Rs 200 / Dubakkal Rs 280,
29,Dubbakkal,Dhubakkal,"Duplicate group 29: same item, spelled differently",pooja,₹140 – ₹350,3,Dubbakkal Rs  140 / Dubbakkal Rs 245 / Dubbakkal Rs 350,
30,Dining Table,,"Duplicate group 30: same item, spelled differently",home,₹1080 – ₹1398,3,DINING TABLE 1195 / DINING TABLE Rs 1080 / Dining table Rs 1395,
30,Dinning Table,Dining Table,"Duplicate group 30: same item, spelled differently",home,₹1290,1,Dinning Table Rs 1290,
31,Handi,,"Duplicate group 31: same item, spelled differently",cookware,₹70 – ₹969,82,HANDI 280 / HANDI 365 / HANDI 410,
31,Handy,Handi,"Duplicate group 31: same item, spelled differently",cookware,₹170 – ₹539,4,Handy 170 / Handy 180 / Handy 219,
32,Havells Zeta 1000w,,"Duplicate group 32: same item, spelled differently",other,₹539,1,Havells zeta 1000w,
32,Havells Zeta 1500w,Havells Zeta 1000w,"Duplicate group 32: same item, spelled differently",other,₹629,1,Havells zeta 1500w,
33,Hot Box 15 L,Hot Box 15000ml,"Duplicate group 33: same item, spelled differently",bottles,₹2598,1,HOT BOX 15L 2598,
33,Hot Box 15000ml,,"Duplicate group 33: same item, spelled differently",bottles,₹2790,1,HOT BOX 15000ML Rs 2790,
34,Idli Pot,Idly Pot,"Duplicate group 34: same item, spelled differently; very similar names – probably the same item",cookware,₹729 – ₹1790,2,Idli Pot 729 / Idli pot Rs 1790,
34,Idly Pot,,"Duplicate group 34: same item, spelled differently; very similar names – probably the same item",cookware,₹300 – ₹2898,70,IDLY POT 1248 / IDLY POT 738 / IDLY POT 898,
34,Idlypot,Idly Pot,"Duplicate group 34: same item, spelled differently; very similar names – probably the same item",cookware,₹3498 – ₹7490,3,IDLYPOT 3498 / IDLYPOT 4595 / IDLYPOT 7490,
35,Jaadi,,"Duplicate group 35: same item, spelled differently",storage,₹30 – ₹195,10,JAADI Rs 150 / JAADI Rs 195 / Jaadi Rs 105,
35,Jadi,Jaadi,"Duplicate group 35: same item, spelled differently",storage,₹128 – ₹280,8,JADI Rs 175 / JADI Rs 180 / JADI Rs 280,
36,Jaara,Jara,"Duplicate group 36: same item, spelled differently | unclear name – customers won’t know what this is",other,₹45 – ₹325,6,Jaara Rs 100 / Jaara Rs 120 / Jaara Rs 150,
36,Jara,,"Duplicate group 36: same item, spelled differently | unclear name – customers won’t know what this is",storage,₹55 – ₹215,7,JARA RS  135 / JARA RS 55 / JARA Rs 210,
37,Jaladai,,"Duplicate group 37: same item, spelled differently",cookware,₹115 – ₹160,2,JALADAI RS 115 / Jaladai 160,
37,Jalladai,Jaladai,"Duplicate group 37: same item, spelled differently | Spelling: ""jalladai"" → ""jaladai""? | unclear name – customers won’t know what this is",other,₹20 – ₹398,25,JALLADAI / JALLADAI  Rs 100 / JALLADAI  Rs 40,
38,Kaai Vadi,,"Duplicate group 38: same item, spelled differently",other,₹60 – ₹225,9,KAAI VADI 175 / KAAI VADI 85 / KAAI VADI Rs 180,
38,Kai Vadi,Kaai Vadi,"Duplicate group 38: same item, spelled differently",cookware,₹135 – ₹235,2,KAI VADI RS 235 / KAI VADI Rs 135,
39,Knife 3 pcs Set,Knife 3pcs Set,"Duplicate group 39: same item, spelled differently",cookware,₹90,1,KNIFE 3 PCS SET Rs 90,
39,Knife 3pcs Set,,"Duplicate group 39: same item, spelled differently",cookware,₹180,1,KNIFE 3PCS SET Rs 180,
40,Korai Paai,Korai Pai,"Duplicate group 40: same item, spelled differently",home,₹260,1,Korai Paai Rs 260,
40,Korai Pai,,"Duplicate group 40: same item, spelled differently",home,₹90 – ₹300,2,Korai Pai Rs 160 / Korai Pai Rs 300,
41,Kubera Paanai,Kubera Panai,"Duplicate group 41: same item, spelled differently",pooja,₹250,1,Kubera paanai Rs 250,
41,Kubera Panai,,"Duplicate group 41: same item, spelled differently",pooja,₹550,1,KUBERA PANAI Rs 550,
42,Kuli Paniyaarakal,Kuli Paniyarakal,"Duplicate group 42: same item, spelled differently; very similar names – probably the same item | Spelling: ""paniyaarakal"" → ""paniyarakal""?",cookware,₹918,1,Kuli paniyaarakal Rs 918,
42,Kuli Paniyara Pan,,"Duplicate group 42: same item, spelled differently; very similar names – probably the same item",cookware,₹390 – ₹510,2,KULI PANIYARA PAN Rs 390 / KULI PANIYARA PAN Rs 510,
42,Kuli Paniyarakal,Kuli Paniyara Pan,"Duplicate group 42: same item, spelled differently; very similar names – probably the same item",cookware,₹298 – ₹769,2,KULI PANIYARAKAL Rs 298 / KULI PANIYARAKAL Rs 769,
42,Kuli Paniyaram,Kuli Paniyara Pan,"Duplicate group 42: same item, spelled differently; very similar names – probably the same item",cookware,₹498 – ₹725,3,Kuli Paniyaram 498 / Kuli Paniyaram 718 / Kuli Paniyaram 725,
42,Kulipaniyaram Pan,Kuli Paniyara Pan,"Duplicate group 42: same item, spelled differently; very similar names – probably the same item",cookware,₹780 – ₹840,2,KULIPANIYARAM PAN 840 / KULIPANIYARAM PAN RS 780,
42,Kuzhi Paniyaram,Kuli Paniyara Pan,"Duplicate group 42: same item, spelled differently; very similar names – probably the same item",cookware,₹729 – ₹798,2,Kuzhi Paniyaram Rs 729 / Kuzhi Paniyaram Rs 798,
42,Kuzhipaniyaram,Kulipaniyaram,"Duplicate group 42: same item, spelled differently; very similar names – probably the same item | Spelling: ""kuzhipaniyaram"" → ""kulipaniyaram""? | unclear name – customers won’t know what this is",other,₹398 – ₹698,2,Kuzhipaniyaram Rs 698 / kuzhipaniyaram 398,
42,Kuzipaniyaram,Kulipaniyaram,"Duplicate group 42: same item, spelled differently; very similar names – probably the same item | Spelling: ""kuzipaniyaram"" → ""kulipaniyaram""?",cookware,₹695,1,Kuzipaniyaram Rs 695,
43,Kuli Panitaram,Kuli Paniyaram,"Duplicate group 43: same item, spelled differently; very similar names – probably the same item | Spelling: ""panitaram"" → ""paniyaram""?",cookware,₹475,1,Kuli Panitaram 475,
45,M. Water Bottle Set,M.water Bottle Set,"Duplicate group 45: same item, spelled differently",bottles,₹150,1,M. Water Bottle Set Rs 150,
45,M.water Bottle Set,,"Duplicate group 45: same item, spelled differently",bottles,₹75 – ₹120,2,M.WATER BOTTLE SET 120 / M.Water Bottle Set Rs 75,
46,Magnum 3j,,"Duplicate group 46: same item, spelled differently",storage,₹5251 – ₹5690,2,Magnum 3J  Rs 5251 / Magnum 3J Rs 5690,
46,Magnum 4j,Magnum 3j,"Duplicate group 46: same item, spelled differently",storage,₹5911 – ₹6390,2,Magnum 4J Rs 5911 / Magnum 4J Rs 6390,
47,Maththu,,"Duplicate group 47: same item, spelled differently | unclear name – customers won’t know what this is",other,₹40 – ₹85,4,MATHTHU Rs 40 / MATHTHU Rs 60 / Maththu Rs 85,
47,Mathu,Maththu,"Duplicate group 47: same item, spelled differently",cookware,₹105 – ₹120,2,Mathu Rs 105 / Mathu Rs 120,
48,Milton 1 L,Milton 1000ml,"Duplicate group 48: same item, spelled differently",bottles,₹964 – ₹1288,3,MILTON 1 LIT Rs 1000 / MILTON 1 LIT Rs 964 / MILTON 1.LIT RS 1288,
48,Milton 1000ml,,"Duplicate group 48: same item, spelled differently",bottles,₹1310,1,MILTON 1000ML RS 1310,
49,Murukku Achi,,"Duplicate group 49: same item, spelled differently",cookware,₹250 – ₹270,2,Murukku Achi 270 / Murukku Achi Rs 250,
49,Muruku Achi,Murukku Achi,"Duplicate group 49: same item, spelled differently",cookware,₹180 – ₹290,3,MURUKU ACHI Rs 180 / MURUKU ACHI Rs 215 / Muruku Achi 290,
50,Non Stic Tawa,Non Stick Tawa,"Duplicate group 50: same item, spelled differently; very similar names – probably the same item",cookware,₹479 – ₹598,3,NON STIC TAWA RS 479 / NON STIC TAWA RS 547 / NON STIC TAWA RS 598,
50,Non Stick Kadai,Non Stick Tawa,"Duplicate group 50: same item, spelled differently; very similar names – probably the same item",cookware,₹995,1,Non stick kadai Rs 995,
50,Non Stick Tava,Non Stick Tawa,"Duplicate group 50: same item, spelled differently; very similar names – probably the same item",cookware,₹690,1,Non stick tava Rs 690,
50,Non Stick Tawa,,"Duplicate group 50: same item, spelled differently; very similar names – probably the same item",cookware,₹1025 – ₹1049,2,Non stick tawa Rs 1025 / Non stick tawa Rs 1049,
50,Nonstick Tawa,Non Stick Tawa,"Duplicate group 50: same item, spelled differently; very similar names – probably the same item",cookware,₹629,1,Nonstick tawa Rs 629,
51,P.n.b. Tadka Pan,P.n.b.tadka Pan,"Duplicate group 51: same item, spelled differently",cookware,₹429,1,P.N.B. Tadka Pan Rs 429,
51,P.n.b.tadka Pan,,"Duplicate group 51: same item, spelled differently",cookware,₹598,1,P.N.B.Tadka Pan Rs 598,
52,Pallagguli,,"Duplicate group 52: same item, spelled differently | unclear name – customers won’t know what this is",other,₹180,1,PALLAGGULI Rs 180,
52,Pallagguly,Pallagguli,"Duplicate group 52: same item, spelled differently",pooja,₹250,1,PALLAGGULY Rs 250,
53,Paneer Sombu,,"Duplicate group 53: same item, spelled differently",pooja,₹100 – ₹200,3,PANEER SOMBU Rs 100 / PANEER SOMBU Rs 180 / PANEER SOMBU Rs 200,
53,Pannir Sombu,Paneer Sombu,"Duplicate group 53: same item, spelled differently",pooja,₹110 – ₹325,3,PANNIR SOMBU 325 / Pannir sombu Rs 110 / Pannir sombu Rs 198,
54,Parota Cutter,Parotta Cutter,"Duplicate group 54: same item, spelled differently",cookware,₹100,1,PAROTA CUTTER Rs 100,
54,Parotta Cutter,,"Duplicate group 54: same item, spelled differently",cookware,₹95 – ₹195,5,PAROTTA CUTTER 150 / Parotta cutter Rs 170 / Parotta cutter Rs 185,
55,Pepper & Salt,Pepper Salt,"Duplicate group 55: same item, spelled differently",steel,₹75,1,PEPPER&SALT Rs 75,
55,Pepper Salt,,"Duplicate group 55: same item, spelled differently",steel,₹40 – ₹225,4,PEPPER SALT 40 / PEPPER SALT 45 / Pepper Salt Rs 225,
55,Pepper/ Salt,Pepper Salt,"Duplicate group 55: same item, spelled differently",steel,₹30,1,PEPPER/ SALT,
55,Pepper/salt,Pepper Salt,"Duplicate group 55: same item, spelled differently",steel,₹15 – ₹150,2,Pepper/salt Rs 15 / Pepper/salt Rs 150,
56,Pooja Koodai,Pooja Kudai,"Duplicate group 56: same item, spelled differently; very similar names – probably the same item",pooja,₹769,1,Pooja koodai Rs 769,
56,Pooja Kudai,,"Duplicate group 56: same item, spelled differently; very similar names – probably the same item",pooja,₹145 – ₹729,3,POOJA KUDAI Rs 145 / POOJA KUDAI Rs 298 / Pooja kudai Rs 729,
56,Poojai Kudai,Pooja Kudai,"Duplicate group 56: same item, spelled differently; very similar names – probably the same item",storage,₹595,1,POOJAI KUDAI 595,
56,Pookoodai,Pooja Kudai,"Duplicate group 56: same item, spelled differently; very similar names – probably the same item",storage,₹649,1,POOKOODAI Rs 649,
57,Potato Mesar,,"Duplicate group 57: same item, spelled differently",cookware,₹60 – ₹320,3,POTATO MESAR RS 225 / POTATO MESAR RS 320 / Potato mesar Rs 60,
57,Potato Meshar,Potato Mesar,"Duplicate group 57: same item, spelled differently",cookware,₹100,1,POTATO MESHAR RS 100,
58,Pottu Kadai,,"Duplicate group 58: same item, spelled differently",cookware,₹138 – ₹248,6,POTTU KADAI 138 / POTTU KADAI 150 / POTTU KADAI 190,
58,Potu Kadai,Pottu Kadai,"Duplicate group 58: same item, spelled differently",cookware,₹280,1,POTU KADAI 280,
59,Puli Vadikati,,"Duplicate group 59: same item, spelled differently",other,₹115 – ₹120,2,Puli Vadikati 120 / Puli vadikati Rs 115,
59,Puli Vadikatti,Puli Vadikati,"Duplicate group 59: same item, spelled differently",cookware,₹135,1,Puli vadikatti Rs 135,
60,Raga Tawa 280 mm,Raga Tawa 280mm,"Duplicate group 60: same item, spelled differently",cookware,₹798,1,Raga Tawa 280 mm Rs 798,
60,Raga Tawa 280mm,,"Duplicate group 60: same item, spelled differently",cookware,₹850,1,Raga Tawa 280mm Rs 850,
61,S Hook,,"Duplicate group 61: same item, spelled differently",storage,₹60,1,S Hook Rs 60,
61,S.hook,S Hook,"Duplicate group 61: same item, spelled differently",storage,₹50,1,S.Hook Rs 50,
62,Self Sheet,,"Duplicate group 62: same item, spelled differently",storage,₹80 – ₹420,11,SELF SHEET RS 100 / SELF SHEET RS 150 / SELF SHEET RS 80,
62,Shelf Sheet,Self Sheet,"Duplicate group 62: same item, spelled differently",storage,₹100,1,SHELF SHEET RS 100,
63,Shoping Bag,,"Duplicate group 63: same item, spelled differently",storage,₹160,1,SHOPING BAG RS 160,
63,Shopping Bag,Shoping Bag,"Duplicate group 63: same item, spelled differently",storage,₹150,1,SHOPPING BAG RS 150,
64,Somas Achchu,Somas Achu,"Duplicate group 64: same item, spelled differently | Spelling: ""achchu"" → ""achu""?",other,₹20,1,Somas Achchu Rs 20,
64,Somas Achu,,"Duplicate group 64: same item, spelled differently",cookware,₹25,1,SOMAS ACHU RS 25,
65,Square Idli Maker,,"Duplicate group 65: same item, spelled differently",appliances,₹6190,1,SQUARE IDLI MAKER Rs 6190,
65,Square Idly Maker,Square Idli Maker,"Duplicate group 65: same item, spelled differently",appliances,₹7190,1,SQUARE IDLY MAKER Rs 7190,
66,Stainless Steel Choping Board,Stainless Steel Chopping Board,"Duplicate group 66: same item, spelled differently",cookware,₹360 – ₹450,3,S S Choping board Rs 360 / S S Choping board Rs 428 / S S Choping board Rs 450,
66,Stainless Steel Chopping Board,,"Duplicate group 66: same item, spelled differently",cookware,₹350 – ₹798,7,S S Chopping board Rs 630 / S.S chopping Board 398 / SS CHOPPING BOARD RS 350,
67,Stainless Steel Daba,Stainless Steel Dabba,"Duplicate group 67: same item, spelled differently",steel,₹305,1,SS DABA RS 305,
67,Stainless Steel Dabba,,"Duplicate group 67: same item, spelled differently",steel,₹50 – ₹545,15,S S DABBA Rs 105 / S S DABBA Rs 129 / S S DABBA Rs 178,
68,Stainless Steel Jaara,Stainless Steel Jara,"Duplicate group 68: same item, spelled differently",steel,₹25 – ₹40,2,S.S Jaara Rs 25 / S.S Jaara Rs 40,
68,Stainless Steel Jara,,"Duplicate group 68: same item, spelled differently",steel,₹100 – ₹390,14,S S JARA Rs 100 / S S JARA Rs 110 / S S JARA Rs 120,
69,Stainless Steel Tavalai,Stainless Steel Thavali,"Duplicate group 69: same item, spelled differently | Spelling: ""tavalai"" → ""thavali""?",steel,₹728 – ₹1080,3,S S Tavalai Rs 1080 / S S Tavalai Rs 789 / SS TAVALAI RS 728,
69,Stainless Steel Thavalai,,"Duplicate group 69: same item, spelled differently",steel,₹490 – ₹769,3,S S Thavalai Rs 698 / S S Thavalai Rs 769 / SS Thavalai Rs 490,
70,Stainless Steel Thukku,Stainless Steel Thuku,"Duplicate group 70: same item, spelled differently",steel,₹310 – ₹719,4,S S Thukku 329 / S S Thukku 619 / S S Thukku 719,
70,Stainless Steel Thuku,,"Duplicate group 70: same item, spelled differently",steel,₹80 – ₹1450,64,S S THUKU Rs 100 / S S THUKU Rs 115 / S S THUKU Rs 120,
71,Standard + 7.5 L,Standard 7.5 L,"Duplicate group 71: same item, spelled differently; very similar names – probably the same item",cookware,₹2290,1,Standard + 7.5.Lit Rs 2290,
71,Standard 7.5 L,,"Duplicate group 71: same item, spelled differently; very similar names – probably the same item",cookware,₹2088,1,Standard 7.5 Lit Rs 2088,
71,Standart 7.5 L,Standard 7.5 L,"Duplicate group 71: same item, spelled differently; very similar names – probably the same item | Spelling: ""standart"" → ""standard""?",cookware,₹2198,1,Standart 7.5 Lit Rs 2198,
72,Standard +10 L,Standard 10 L,"Duplicate group 72: same item, spelled differently",cookware,₹2720,1,Standard +10 Lit Rs 2720,
72,Standard 10 L,,"Duplicate group 72: same item, spelled differently",cookware,₹2414 – ₹2590,4,Standard 10 Lit Rs 2414 / Standard 10 Lit Rs 2585 / Standard 10.Lit Rs 2530,
73,Standard +12 L,Standard 12 L,"Duplicate group 73: same item, spelled differently",cookware,₹2890,1,Standard +12 L Rs 2890,
73,Standard 12 L,,"Duplicate group 73: same item, spelled differently",cookware,₹2839,1,Standard 12 Lit Rs 2839,
74,Standard +3 L,Standard 3 L,"Duplicate group 74: same item, spelled differently",cookware,₹1269,1,Standard +3 lit Rs 1269,
74,Standard 3 L,,"Duplicate group 74: same item, spelled differently",cookware,₹1095 – ₹1290,3,Standard 3 lit Rs 1290 / Standard 3 ltr Rs 1095 / Standard 3.lit Rs 1155,
75,T Cover,,"Duplicate group 75: same item, spelled differently",home,₹50 – ₹225,5,T COVER Rs 100 / T COVER Rs 210 / T COVER Rs 225,
75,T.cover,T Cover,"Duplicate group 75: same item, spelled differently",home,₹50 – ₹100,3,T.Cover Rs 100 / T.Cover Rs 50 / T.Cover Rs 80,
76,Thalippu Karandi,Thalipu Karandi,"Duplicate group 76: same item, spelled differently | Spelling: ""thalippu"" → ""thalipu""?",cookware,₹85 – ₹110,2,Thalippu Karandi Rs 110 / Thalippu Karandi Rs 85,
76,Thalipu Karandi,,"Duplicate group 76: same item, spelled differently",cookware,₹80 – ₹440,11,THALIPU KARANDI Rs 120 / THALIPU KARANDI Rs 150 / THALIPU KARANDI Rs 175,
77,Thotil Stick,Thottil Stick,"Duplicate group 77: same item, spelled differently",home,₹120 – ₹140,2,THOTIL STICK Rs 120 / THOTIL STICK Rs 140,
77,Thottil Stick,,"Duplicate group 77: same item, spelled differently",other,₹90 – ₹240,13,THOTTIL STICK RS 140 / THOTTIL STICK RS 170 / THOTTIL STICK Rs 200,
78,Thuduppu,Thudupu,"Duplicate group 78: same item, spelled differently | unclear name – customers won’t know what this is",other,₹80 – ₹120,2,THUDUPPU RS 80 / THUDUPPU Rs 120,
78,Thudupu,,"Duplicate group 78: same item, spelled differently | unclear name – customers won’t know what this is",other,₹85 – ₹100,2,THUDUPU Rs 100 / THUDUPU Rs 85,
79,Thukku,Thuku,"Duplicate group 79: same item, spelled differently | unclear name – customers won’t know what this is",other,₹168 – ₹1225,22,Thukku  Rs 498 / Thukku Rs 1165 / Thukku Rs 1225,
79,Thuku,,"Duplicate group 79: same item, spelled differently",home,₹229 – ₹1025,27,THUKU Rs 365 / THUKU Rs 410 / THUKU Rs 415,
80,Urli,,"Duplicate group 80: same item, spelled differently",pooja,₹120 – ₹7490,45,URLI 379 / URLI 445 / URLI 529,
80,Urly,Urli,"Duplicate group 80: same item, spelled differently",pooja,₹795 – ₹1760,3,URLY RS 795 / URLY Rs 1398 / URLY Rs 1760,
81,Urugai Jaadi,,"Duplicate group 81: same item, spelled differently",storage,₹60 – ₹1390,18,URUGAI JAADI 115 / URUGAI JAADI 350 / URUGAI JAADI RS 1190,
81,Urugai Jadi,Urugai Jaadi,"Duplicate group 81: same item, spelled differently",storage,₹105 – ₹130,2,Urugai jadi Rs 105 / Urugai jadi Rs 130,
82,Uthappam Pan,,"Duplicate group 82: same item, spelled differently",cookware,₹895 – ₹898,2,UTHAPPAM PAN Rs 895 / UTHAPPAM PAN Rs 898,
82,Utthappam Pan,Uthappam Pan,"Duplicate group 82: same item, spelled differently",cookware,₹645,1,Utthappam pan Rs 645,
83,Vana Chati,Vana Chatti,"Duplicate group 83: same item, spelled differently",other,₹1195 – ₹1469,2,Vana Chati Rs 1195 / Vana Chati Rs 1469,
83,Vana Chatti,,"Duplicate group 83: same item, spelled differently",cookware,₹549 – ₹898,3,VANA CHATTI  Rs 549 / VANA CHATTI  Rs 629 / VANA CHATTI  Rs 898,
84,Veg Cutter,,"Duplicate group 84: same item, spelled differently",cookware,₹95,1,VEG CUTTER Rs 95,
84,Veg. Cutter,Veg Cutter,"Duplicate group 84: same item, spelled differently",cookware,₹190,1,VEG. CUTTER Rs 190,
85,Vel,Vell,"Duplicate group 85: same item, spelled differently",pooja,₹30 – ₹398,4,VEL RS 225 / VEL RS 30 / VEL RS 398,
85,Vell,,"Duplicate group 85: same item, spelled differently | unclear name – customers won’t know what this is",other,₹50 – ₹195,7,VELL  Rs 120 / VELL Rs 100 / VELL Rs 150,
86,Vel Deepam,,"Duplicate group 86: same item, spelled differently",pooja,₹750,1,VEL DEEPAM RS 750,
86,Vell Deepam,Vel Deepam,"Duplicate group 86: same item, spelled differently",pooja,₹898,1,Vell deepam 898,
87,Vengala Handi,,"Duplicate group 87: same item, spelled differently",brass,₹498 – ₹4969,25,VENGALA HANDI / Vengala handi 498 / Vengala handi RS 3498,
87,Vengala Handy,Vengala Handi,"Duplicate group 87: same item, spelled differently",brass,₹749 – ₹2390,4,Vengala Handy 1869 / Vengala Handy 1998 / Vengala Handy 2390,
88,Vighraham,Vigraham,"Duplicate group 88: same item, spelled differently; very similar names – probably the same item | unclear name – customers won’t know what this is",other,₹125,1,VIGHRAHAM Rs 125,
88,Vigraham,,"Duplicate group 88: same item, spelled differently; very similar names – probably the same item",pooja,₹80 – ₹1598,11,VIGRAHAM 325 / VIGRAHAM 595 / VIGRAHAM 80,
88,Vikraham,Vigraham,"Duplicate group 88: same item, spelled differently; very similar names – probably the same item",pooja,₹250 – ₹395,2,Vikraham Rs 250 / Vikraham Rs 395,
89,Waall Sticker,Wall Sticker,"Duplicate group 89: same item, spelled differently",other,₹35,1,WAALL STICKER Rs 35,
89,Wall Sticker,,"Duplicate group 89: same item, spelled differently",home,₹25 – ₹40,3,WALL STICKER RS 30 / WALL STICKER RS 40 / Wall Sticker Rs 25,
90,Wood Bathi Stand,,"Duplicate group 90: same item, spelled differently",cookware,₹120 – ₹180,2,Wood Bathi Stand Rs 120 / Wood Bathi Stand Rs180,
90,Wood Baththi Stand,Wood Bathi Stand,"Duplicate group 90: same item, spelled differently | Spelling: ""baththi"" → ""bathi""?",cookware,₹115,1,WOOD BATHTHI STAND Rs 115,
91,Wood Maththu,Wood Mathu,"Duplicate group 91: same item, spelled differently",cookware,₹40,1,Wood Maththu Rs 40,
91,Wood Mathu,,"Duplicate group 91: same item, spelled differently",cookware,₹50,1,Wood Mathu Rs 50,
91,Wood Matthu,Wood Mathu,"Duplicate group 91: same item, spelled differently",cookware,₹60,1,Wood matthu Rs 60,
92,Kuber Deep,,Duplicate group 92: very similar names – probably the same item,other,₹60 – ₹175,8,KUBER DEEP 60 / Kuber deep 120 / Kuber deep 125,
92,Kubera Deepam,Kuber Deep,Duplicate group 92: very similar names – probably the same item,pooja,₹80 – ₹250,6,KUBERA DEEPAM 115 / KUBERA DEEPAM Rs 105 / KUBERA DEEPAM Rs 140,
93,Kunguma Chimil,,Duplicate group 93: very similar names – probably the same item,pooja,₹45 – ₹105,3,KUNGUMA CHIMIL Rs 105 / KUNGUMA CHIMIL Rs 45 / KUNGUMA CHIMIL Rs 55,
93,Kungumam Simizh,Kunguma Chimil,Duplicate group 93: very similar names – probably the same item,pooja,₹79 – ₹98,2,KUNGUMAM SIMIZH 79 / KUNGUMAM SIMIZH 98,
94,Arival Manai,Aruvamanai,Duplicate group 94: very similar names – probably the same item,cookware,₹140 – ₹150,2,Arival Manai Rs 140 / Arival Manai Rs 150,
94,Arivalmanai,Aruvamanai,Duplicate group 94: very similar names – probably the same item | unclear name – customers won’t know what this is,other,₹100,1,Arivalmanai Rs 100,
94,Aruvamanai,,Duplicate group 94: very similar names – probably the same item | unclear name – customers won’t know what this is,other,₹75 – ₹280,15,ARUVAMANAI RS 140 / ARUVAMANAI RS 180 / ARUVAMANAI RS 200,
95,Abiseha Plate,,Duplicate group 95: very similar names – probably the same item,steel,₹840,1,ABISEHA PLATE Rs 840,
95,Abishega Plate,Abishegam Plate,"Duplicate group 95: very similar names – probably the same item | Spelling: ""abishega"" → ""abishegam""?",steel,₹745,1,ABISHEGA PLATE RS 745,
96,Achu Murukku,Achu Murukku Mold,Duplicate group 96: very similar names – probably the same item,cookware,₹180,1,Achu murukku Rs 180,
96,Achu Murukku Mold,,Duplicate group 96: very similar names – probably the same item,cookware,₹150,1,Achu Murukku mold  Rs 150,
96,Achu Muruku Achu,Achu Murukku Mold,Duplicate group 96: very similar names – probably the same item,cookware,₹30,1,ACHU MURUKU ACHU Rs 30,
96,Achumurukku,Achu Murukku Mold,Duplicate group 96: very similar names – probably the same item | unclear name – customers won’t know what this is,other,₹35,1,ACHUMURUKKU Rs 35,
97,Agarbathi Stand,,Duplicate group 97: very similar names – probably the same item,storage,₹23 – ₹195,7,AGARBATHI STAND 140 / AGARBATHI STAND 195 / AGARBATHI STAND RS 85,
97,Agarpathi Stand,Agarbathi Stand,"Duplicate group 97: very similar names – probably the same item | Spelling: ""agarpathi"" → ""agarbathi""?",storage,₹60 – ₹70,4,AGARPATHI STAND Rs 60 / AGARPATHI STAND Rs 68 / AGARPATHI STAND Rs 70,
98,Aluminium Anna Kudai,Aluminium Annakudai,Duplicate group 98: very similar names – probably the same item,cookware,₹298 – ₹439,3,AL ANNA KUDAI Rs 439 / AL. ANNA KUDAI Rs 298 / Al. ANNA KUDAI Rs 329,
98,Aluminium Annakudai,,Duplicate group 98: very similar names – probably the same item,cookware,₹78 – ₹660,7,AL.ANNAKUDAI 150 / AL.ANNAKUDAI 190 / AL.ANNAKUDAI 215,
99,Aluminium Idly Pot,,Duplicate group 99: very similar names – probably the same item,cookware,₹340 – ₹3269,20,AL. IDLY POT Rs 775 / AL.IDLY POT 1790 / Al. IDLY POT Rs 1129,
99,Aluminium Idlypot,Aluminium Idly Pot,Duplicate group 99: very similar names – probably the same item,cookware,₹860,1,AL.IDLYPOT 860,
100,Appachatty,Appachetty,Duplicate group 100: very similar names – probably the same item | unclear name – customers won’t know what this is,other,₹495,1,Appachatty Rs 495,
100,Appachetty,,Duplicate group 100: very similar names – probably the same item | unclear name – customers won’t know what this is,other,₹549 – ₹1025,3,Appachetty Rs 1025 / Appachetty Rs 549 / Appachetty Rs 969,
101,Appakadai,Appam Kadai,Duplicate group 101: very similar names – probably the same item | unclear name – customers won’t know what this is,other,₹460 – ₹495,2,Appakadai Rs 460 / Appakadai Rs 495,
101,Appam Kadai,,Duplicate group 101: very similar names – probably the same item,cookware,₹510 – ₹598,2,Appam Kadai RS 598 / Appam Kadai Rs 510,
102,Mulitipurpose Stand,Multi Purpose Stand,Duplicate group 102: very similar names – probably the same item,storage,₹58,1,Mulitipurpose stand Rs 58,
102,Multi Purpose Stand,,Duplicate group 102: very similar names – probably the same item,storage,₹65 – ₹130,5,MULTI PURPOSE STAND Rs 100 / MULTI PURPOSE STAND Rs 65 / MULTI PURPOSE STAND Rs 80,
102,Multi Purposes Stand,Multi Purpose Stand,Duplicate group 102: very similar names – probably the same item,storage,₹80,1,multi purposes stand rs 80,
102,Multipurpose Stand,Multi Purpose Stand,Duplicate group 102: very similar names – probably the same item,storage,₹37 – ₹150,2,Multipurpose Stand RS 150 / Multipurpose stand Rs 37,
103,Paniniyarkal,Paniyarakal,"Duplicate group 103: very similar names – probably the same item | Spelling: ""paniniyarkal"" → ""paniyarakal""? | unclear name – customers won’t know what this is",other,₹825,1,PANINIYARKAL Rs 825,
103,Paniyarakkal,Paniyarakal,"Duplicate group 103: very similar names – probably the same item | Spelling: ""paniyarakkal"" → ""paniyarakal""?",cookware,₹725 – ₹898,3,PANIYARAKKAL / Paniyarakkal Rs 845 / Paniyarakkal Rs 898,
104,Coffee Perculatator,Coffee Perculator,Duplicate group 104: very similar names – probably the same item,cookware,₹729,1,Coffee perculatator Rs 729,
104,Coffee Perculator,,Duplicate group 104: very similar names – probably the same item,cookware,₹498 – ₹569,2,COFFEE PERCULATOR 569 / Coffee Perculator Rs 498,
105,Comb,Comb Set,Duplicate group 105: very similar names – probably the same item,home,₹18 – ₹120,8,COMB 40 / COMB RS 70 / COMB Rs 100,
105,Comb Set,,Duplicate group 105: very similar names – probably the same item,home,₹45,1,COMB SET Rs 45,
105,Combs,Comb Set,Duplicate group 105: very similar names – probably the same item,home,₹60 – ₹75,2,Combs Rs 60 / Combs Rs 75,
105,Combs Set,Comb Set,Duplicate group 105: very similar names – probably the same item,home,₹75,1,Combs Set  Rs 75,
106,Copper Pacha Pathiram,Copper Pancha Pathiram,Duplicate group 106: very similar names – probably the same item,brass,₹380,1,COPPER PACHA PATHIRAM 380,
106,Copper Pancha Pathiram,,Duplicate group 106: very similar names – probably the same item,pooja,₹110 – ₹365,6,COPPER PANCHA PATHIRAM / COPPER PANCHA PATHIRAM Rs 125 / COPPER PANCHA PATHIRAM Rs 365,
106,Copper Panja Pathiram,Copper Pancha Pathiram,Duplicate group 106: very similar names – probably the same item,brass,₹95 – ₹120,2,Copper Panja Pathiram Rs 120 / Copper panja pathiram 95,
106,Copper Panjapathiram,Copper Pancha Pathiram,Duplicate group 106: very similar names – probably the same item,brass,₹128 – ₹149,2,Copper Panjapathiram 128 / Copper Panjapathiram 149,
107,Copper Tavala,Copper Tawala,"Duplicate group 107: very similar names – probably the same item | Spelling: ""tavala"" → ""tawala""?",brass,₹2790,1,CO.Tavala Rs 2790,
107,Copper Thavalai,Copper Thavali,Duplicate group 107: very similar names – probably the same item,brass,₹2390 – ₹3960,7,COPPER THAVALAI Rs 2390 / COPPER THAVALAI Rs 2590 / Co.Thavalai Rs 2390,
107,Copper Thavali,,Duplicate group 107: very similar names – probably the same item,brass,₹2169,1,COPPER THAVALI Rs 2169,
108,Bag Clip,,Duplicate group 108: very similar names – probably the same item,storage,₹20 – ₹35,4,BAG CLIP Rs 30 / Bag Clip Rs 20 / Bag Clip Rs 27,
108,Bag Clips,Bag Clip,Duplicate group 108: very similar names – probably the same item,storage,₹70,1,Bag clips Rs 70,
109,Bed Sheet,Bedsheet Set,Duplicate group 109: very similar names – probably the same item,home,₹180 – ₹550,3,BED SHEET Rs 225 / BED SHEET Rs 550 / Bed sheet Rs 180,
109,Bedsheet,Bedsheet Set,Duplicate group 109: very similar names – probably the same item,home,₹120,1,Bedsheet Rs 120,
109,Bedsheet Set,,Duplicate group 109: very similar names – probably the same item,home,₹325,1,BEDSHEET SET Rs 325,
110,Biriyani Pot,,Duplicate group 110: very similar names – probably the same item,cookware,₹560 – ₹2980,10,BIRIYANI POT RS 1080 / BIRIYANI POT RS 1795 / BIRIYANI POT RS 560,
110,Biryani Pot,Biriyani Pot,Duplicate group 110: very similar names – probably the same item,cookware,₹969 – ₹3390,8,Biryani pot Rs 1095 / Biryani pot Rs 1369 / Biryani pot Rs 1549,
111,Butter Fly Bolt 3.b,Butterfly Bolt Shakti 3b,Duplicate group 111: very similar names – probably the same item,steel,₹3990,1,Butter Fly Bolt 3.B Rs 3990,
111,Butterfly Bolt Shakti 3b,,Duplicate group 111: very similar names – probably the same item,appliances,₹4390 – ₹4790,2,BUTTERFLY BOLT SHAKTI 3B / Butterfly bolt shakti 3B Rs 4790,
112,Brass Anda,,Duplicate group 112: very similar names – probably the same item,brass,₹3490 – ₹9980,7,BRASS ANDA 6129 / BRASS ANDA Rs 3890 / BRASS ANDA Rs 6090,
112,Brass Andaan,Brass Anda,"Duplicate group 112: very similar names – probably the same item | Spelling: ""andaan"" → ""anda""?",brass,₹4290,1,Brass Andaan Rs 4290,
113,Brass Anna Kudai,Brass Annakudai,Duplicate group 113: very similar names – probably the same item,brass,₹1590,1,BRASS ANNA KUDAI Rs 1590,
113,Brass Annakudai,,Duplicate group 113: very similar names – probably the same item,brass,₹2290 – ₹3390,5,Brass Annakudai 2290 / Brass annakudai Rs 2390 / Brass annakudai Rs 2590,
114,Brass Smbu,Brass Sombu,Duplicate group 114: very similar names – probably the same item,brass,₹1290,1,Brass smbu Rs 1290,
114,Brass Sombu,,Duplicate group 114: very similar names – probably the same item,pooja,₹95 – ₹798,49,BRASS SOMBU 279 / BRASS SOMBU 280 / BRASS SOMBU 798,
114,Brass Somu,Brass Sombu,Duplicate group 114: very similar names – probably the same item,brass,₹369,1,BRASS SOMU Rs 369,
115,Cake Mold,Cake Mould,Duplicate group 115: very similar names – probably the same item,cookware,₹170 – ₹425,6,Cake Mold Rs 170 / Cake Mold Rs 205 / Cake Mold Rs 250,
115,Cake Mould,,Duplicate group 115: very similar names – probably the same item,cookware,₹100 – ₹265,10,CAKE MOULD 125 / CAKE MOULD 240 / CAKE MOULD 265,
116,Car Wiper,,Duplicate group 116: very similar names – probably the same item,toys,₹150,1,Car Wiper Rs 150,
116,Carrer,Carrier,"Duplicate group 116: very similar names – probably the same item | Spelling: ""carrer"" → ""carrier""? | unclear name – customers won’t know what this is",other,₹698,1,Carrer Rs 698,
116,Carrier,Car Wiper,Duplicate group 116: very similar names – probably the same item,steel,₹195 – ₹1890,11,CARRIER 390 / CARRIER 410 / CARRIER RS 195,
116,Carrier W. P,Car Wiper,Duplicate group 116: very similar names – probably the same item,steel,₹245 – ₹398,5,CARRIER (W.P.) Rs 245 / CARRIER (W.P.) Rs 260 / CARRIER (W.P.) Rs 310,
117,Casse Role,Casse Roles,Duplicate group 117: very similar names – probably the same item,other,₹572 – ₹753,6,Casse Role Rs 572 / Casse Role Rs 604 / Casse Role Rs 632,
117,Casse Roles,,Duplicate group 117: very similar names – probably the same item,other,₹245 – ₹623,7,Casse Roles Rs 245 / Casse Roles Rs 298 / Casse Roles Rs 398,
118,Cast Iron Appam Pan,,Duplicate group 118: very similar names – probably the same item,cookware,₹995,1,Cast Iron Appam Pan Rs 995,
118,Cast Iron Appampan,Cast Iron Appam Pan,Duplicate group 118: very similar names – probably the same item,cookware,₹900,1,Cast Iron Appampan Rs 900,
119,Cast Iron Tadka Pan,,Duplicate group 119: very similar names – probably the same item,cookware,₹450,1,Cast Iron Tadka Pan 450,
119,Cast Iron Tadkapan,Cast Iron Tadka Pan,Duplicate group 119: very similar names – probably the same item,cookware,₹450 – ₹630,2,CAST IRON TADKAPAN 450 / CAST IRON TADKAPAN 630,
120,Chair,,Duplicate group 120: very similar names – probably the same item,home,₹215 – ₹1349,25,CHAIR  Rs 669 / CHAIR 329 / CHAIR 589,
120,Chairs,Chair,Duplicate group 120: very similar names – probably the same item,home,₹629 – ₹769,4,CHAIRS RS 629 / Chairs Rs 698 / Chairs Rs 725,
121,Ceramc Plate,Ceramic Plate,"Duplicate group 121: very similar names – probably the same item | Spelling: ""ceramc"" → ""ceramic""?",steel,₹130,1,Ceramc plate Rs 130,
121,Ceramic Plate,,Duplicate group 121: very similar names – probably the same item,steel,₹75 – ₹140,4,CERAMIC PLATE RS 125 / CERAMIC PLATE RS 80 / Ceramic plate Rs 140,
122,Cooker Separater,Cooker Seprator,Duplicate group 122: very similar names – probably the same item,cookware,₹569,1,COOKER SEPARATER,
122,Cooker Separator,Cooker Seprator,Duplicate group 122: very similar names – probably the same item,cookware,₹550,1,COOKER SEPARATOR Rs 550,
122,Cooker Seprater,Cooker Sprayer,"Duplicate group 122: very similar names – probably the same item | Spelling: ""seprater"" → ""sprayer""?",cookware,₹340 – ₹375,2,COOKER SEPRATER Rs 340 / COOKER SEPRATER Rs 375,
122,Cooker Seprator,,Duplicate group 122: very similar names – probably the same item,cookware,₹360 – ₹740,5,Cooker Seprator 390 / Cooker Seprator 490 / Cooker Seprator 690,
123,Cup & Saucer,,Duplicate group 123: very similar names – probably the same item,steel,₹150 – ₹895,12,CUP & SAUCER Rs 160 / CUP & SAUCER Rs 325 / CUP & SAUCER Rs 590,
123,Cup & Saucers,Cup & Saucer,Duplicate group 123: very similar names – probably the same item,steel,₹575,1,Cup & Saucers Rs 575,
124,Crompton High Speed,,Duplicate group 124: very similar names – probably the same item,appliances,₹2295,1,Crompton high speed Rs 2295,
124,Crompton Hispeed T.f,Crompton High Speed,Duplicate group 124: very similar names – probably the same item,appliances,₹2590,1,Crompton Hispeed T.F Rs 2590,
125,Dabara Set,Dabbara Set,"Duplicate group 125: very similar names – probably the same item | Spelling: ""dabara"" → ""dabbara""?",other,₹270,1,Dabara Set Rs 270,
125,Dabbarars,Dabbara,"Duplicate group 125: very similar names – probably the same item | Spelling: ""dabbarars"" → ""dabbara""?",steel,₹1380,1,DabbaraRs 1380,
126,Dish Wash,,Duplicate group 126: very similar names – probably the same item,steel,₹60 – ₹125,3,DISH WASH 125 / DISH WASH RS 60 / Dish Wash RS 100,
126,Dish Wash Gel,Dish Wash,Duplicate group 126: very similar names – probably the same item,steel,₹80,1,DISH WASH GEL RS 80,
126,Dishwash Gel,Dish Wash,Duplicate group 126: very similar names – probably the same item,other,₹35 – ₹110,3,DISHWASH GEL Rs 110 / DISHWASH GEL Rs 35 / DISHWASH GEL Rs 70,
127,Dish Wash Liquid,,Duplicate group 127: very similar names – probably the same item,steel,₹75,1,DISH WASH LIQUID 75,
127,Dishwash Liquid,Dish Wash Liquid,Duplicate group 127: very similar names – probably the same item,home,₹90 – ₹300,2,DISHWASH LIQUID Rs 300 / DISHWASH LIQUID Rs 90,
128,Gas Trolley,,Duplicate group 128: very similar names – probably the same item,cookware,₹150 – ₹290,6,GAS TROLLEY 260 / GAS TROLLEY Rs 195 / GAS TROLLEY Rs 200,
128,Gas Trolly,Gas Trolley,Duplicate group 128: very similar names – probably the same item,cookware,₹160,1,Gas Trolly Rs 160,
129,Glass Jar,,Duplicate group 129: very similar names – probably the same item,steel,₹140 – ₹350,8,GLASS JAR RS 140 / GLASS JAR RS 170 / GLASS JAR RS 225,
129,Glassware,Glass Jar,Duplicate group 129: very similar names – probably the same item,steel,₹75 – ₹395,6,Glassware 260 / Glassware Rs 298 / Glassware Rs 345,
130,Grater,,Duplicate group 130: very similar names – probably the same item,cookware,₹40 – ₹185,4,GRATER Rs 185 / GRATER Rs 40 / GRATER Rs 90,
130,Greater,Grater,"Duplicate group 130: very similar names – probably the same item | Spelling: ""greater"" → ""grater""?",cookware,₹42 – ₹280,17,GREATER 125 / GREATER 240 / GREATER 70,
131,Green Chef Cooker 3 L,Greenchef Cooker 3 L,Duplicate group 131: very similar names – probably the same item,cookware,₹950,1,GREEN CHEF COOKER 3L Rs 950,
131,Greenchef Cooker 3 L,,Duplicate group 131: very similar names – probably the same item,appliances,₹698,1,Greenchef cooker 3L Rs 698,
132,Holes Anna Kudai,Holes Annakudai,Duplicate group 132: very similar names – probably the same item,storage,₹469 – ₹698,2,HOLES ANNA KUDAI Rs 469 / HOLES ANNA KUDAI Rs 698,
132,Holes Annakudai,,Duplicate group 132: very similar names – probably the same item,cookware,₹280 – ₹1049,6,HOLES ANNAKUDAI 329 / HOLES ANNAKUDAI Rs 280 / HOLES ANNAKUDAI Rs 398,
133,Homa Kudam,Homa Kundam,Duplicate group 133: very similar names – probably the same item,steel,₹425,1,HOMA KUDAM Rs 425,
133,Homa Kundam,,Duplicate group 133: very similar names – probably the same item,pooja,₹529 – ₹725,2,HOMA KUNDAM Rs 529 / HOMA KUNDAM Rs 725,
134,Ice Cream Cup,Ice Cream Scoop,Duplicate group 134: very similar names – probably the same item,steel,₹50 – ₹60,3,Ice cream cup Rs 50 / Ice cream cup Rs 55 / Ice cream cup Rs 60,
134,Ice Cream Scoop,,Duplicate group 134: very similar names – probably the same item,cookware,₹160,1,ICE CREAM SCOOP Rs 160,
134,Ice Cream Scoope,Ice Cream Scoop,"Duplicate group 134: very similar names – probably the same item | Spelling: ""scoope"" → ""scoop""?",cookware,₹100 – ₹225,2,Ice Cream Scoope 100 / Ice cream scoope Rs 225,
134,Ice Cream Scoup,Ice Cream Scoop,Duplicate group 134: very similar names – probably the same item,other,₹110 – ₹120,2,Ice Cream scoup Rs 110 / Ice cream scoup Rs 120,
134,Ice Creame Cup,Ice Cream Scoop,Duplicate group 134: very similar names – probably the same item,steel,₹45,1,ICE CREAME CUP RS 45,
134,Icecream Scoup,Ice Cream Scoop,Duplicate group 134: very similar names – probably the same item,other,₹125,1,Icecream scoup Rs125,
136,Idi Yappam Stand,Idiyappam Stand,Duplicate group 136: very similar names – probably the same item,storage,₹369,1,IDI YAPPAM STAND Rs 369,
136,Idi Yappam Stant,Idiyappam Stand,Duplicate group 136: very similar names – probably the same item,other,₹290,1,IDI YAPPAM STANT Rs 290,
136,Idiyappam Stand,,Duplicate group 136: very similar names – probably the same item,cookware,₹329 – ₹1390,12,IDIYAPPAM STAND RS 329 / IDIYAPPAM STAND RS 398 / IDIYAPPAM STAND RS 429,
137,Idiyappa Achi,Idiyappam Achu,Duplicate group 137: very similar names – probably the same item,cookware,₹200 – ₹225,2,IDIYAPPA ACHI RS 225 / IDIYAPPA ACHI Rs 200,
137,Idiyappa Achu,Idiyappam Achu,Duplicate group 137: very similar names – probably the same item,cookware,₹300,1,Idiyappa achu Rs 300,
137,Idiyappam Achu,,Duplicate group 137: very similar names – probably the same item,cookware,₹180 – ₹325,3,IDIYAPPAM ACHU Rs 250 / Idiyappam Achu Rs 180 / Idiyappam achu Rs 325,
138,Idiyappa Maker,,Duplicate group 138: very similar names – probably the same item,appliances,₹200,1,IDIYAPPA MAKER Rs 200,
138,Idiyappam Plate,Idiyappa Maker,Duplicate group 138: very similar names – probably the same item,cookware,₹200,1,IDIYAPPAM PLATE Rs 200,
139,Kamachi Vilakku,Kamatchi Vilakku,"Duplicate group 139: very similar names – probably the same item | Spelling: ""kamachi"" → ""kamatchi""?",pooja,₹98 – ₹1450,21,KAMACHI VILAKU Rs 138 / KAMACHI VILAKU Rs 198 / KAMACHI VILAKU Rs 250,
139,Kamatch Vilakku,Kamatchi Vilakku,"Duplicate group 139: very similar names – probably the same item | Spelling: ""kamatch"" → ""kamatchi""?",pooja,₹105,1,KAMATCH VILAKKU RS 105,
139,Kamatchi Vilakku,,Duplicate group 139: very similar names – probably the same item,pooja,₹215 – ₹1095,16,KAMATCHI VILAKKU 260 / KAMATCHI VILAKKU 285 / KAMATCHI VILAKKU 340,
140,Kathi,,Duplicate group 140: very similar names – probably the same item,cookware,₹15 – ₹50,4,KATHI Rs 15 / KATHI Rs 30 / KATHI Rs 40,
140,Katil,Kathi,Duplicate group 140: very similar names – probably the same item,home,₹1890,1,KATIL Rs 1890,
141,Kitchen Scale,Kitchen Scales,Duplicate group 141: very similar names – probably the same item,appliances,₹260,1,KITCHEN SCALE RS 260,
141,Kitchen Scales,,Duplicate group 141: very similar names – probably the same item,appliances,₹325,1,Kitchen Scales Rs 325,
142,Knife Sharpener,Knife Sharpner,Duplicate group 142: very similar names – probably the same item,cookware,₹50 – ₹130,2,Knife Sharpener Rs 130 / Knife sharpener Rs 50,
142,Knife Sharpner,,Duplicate group 142: very similar names – probably the same item,cookware,₹90 – ₹120,3,Knife Sharpner Rs 110 / Knife sharpner 120 / Knife sharpner Rs 90,
143,Leaf Plae,Leaf Plate,Duplicate group 143: very similar names – probably the same item,other,₹235,1,LEAF PLAE Rs 235,
143,Leaf Plate,,Duplicate group 143: very similar names – probably the same item,steel,₹25 – ₹198,11,LEAF PLATE RS 105 / LEAF PLATE RS 129 / LEAF PLATE RS 25,
144,Lighter,,Duplicate group 144: very similar names – probably the same item,home,₹50 – ₹180,4,LIGHTER Rs 180 / LIGHTER Rs 50 / LIGHTER Rs 60,
144,Litter,Lighter,Duplicate group 144: very similar names – probably the same item | unclear name – customers won’t know what this is,other,₹25 – ₹130,5,Litter 25 / Litter 35 / Litter 60,
145,Masher,,Duplicate group 145: very similar names – probably the same item,cookware,₹75 – ₹110,2,MASHER Rs 110 / Masher Rs75,
145,Massager,Masher,Duplicate group 145: very similar names – probably the same item | unclear name – customers won’t know what this is,other,₹80,1,Massager Rs 80,
146,Micro Fiber Cloth,,Duplicate group 146: very similar names – probably the same item,home,₹30 – ₹90,3,MICRO FIBER CLOTH 30 / MICRO FIBER CLOTH RS 60 / MICRO FIBER CLOTH Rs 90,
146,Microfiber Mop,Micro Fiber Cloth,Duplicate group 146: very similar names – probably the same item,home,₹325,1,Microfiber Mop 325,
146,Microfibre Mop,Micro Fiber Cloth,Duplicate group 146: very similar names – probably the same item,home,₹295,1,MICROFIBRE MOP Rs 295,
147,Milk Cooker,,Duplicate group 147: very similar names – probably the same item,cookware,₹279 – ₹798,10,Milk Cooker Rs 279 / Milk Cooker Rs 319 / Milk Cooker Rs 648,
147,Milk Cookr,Milk Cooker,"Duplicate group 147: very similar names – probably the same item | Spelling: ""cookr"" → ""cooker""?",cookware,₹398,1,Milk Cookr Rs 398,
148,Milto Lunch Box,Milton Lunch Box,"Duplicate group 148: very similar names – probably the same item | Spelling: ""milto"" → ""milton""?",steel,₹460,1,Milto lunch box Rs 460,
148,Milton Lunch,Milton Lunch Box,Duplicate group 148: very similar names – probably the same item,bottles,₹710 – ₹860,2,MILTON LUNCH RS 710 / Milton lunch Rs 860,
148,Milton Lunch Box,,Duplicate group 148: very similar names – probably the same item,bottles,₹195 – ₹1095,23,MILTON LUNCH BOX 195 / MILTON LUNCH BOX 620 / MILTON LUNCH BOX 855,
148,Miton Lunch Box,Milton Lunch Box,"Duplicate group 148: very similar names – probably the same item | Spelling: ""miton"" → ""milton""?",steel,₹710,1,MITON LUNCH BOX Rs 710,
149,Milton Hot Pack,,Duplicate group 149: very similar names – probably the same item,bottles,₹580,1,MILTON HOT PACK Rs 580,
149,Milton Hotpack,Milton Hot Pack,Duplicate group 149: very similar names – probably the same item,bottles,₹675,1,MILTON HOTPACK Rs 675,
150,Mixi Cover,Mixie Cover,Duplicate group 150: very similar names – probably the same item,home,₹60,1,Mixi Cover Rs 60,
150,Mixie Cover,,Duplicate group 150: very similar names – probably the same item,appliances,₹70,1,MIXCY COVER RS 70,
151,Naphthalane Ball,Naphthalene Ball,"Duplicate group 151: very similar names – probably the same item | Spelling: ""naphthalane"" → ""naphthalene""?",home,₹10 – ₹120,4,NAPHTHALANE BALL Rs 50 / Naphthalane Ball Rs 120 / Naphthalane Ball Rs 25,
151,Naphthlane Balls,Naphthalene Balls,"Duplicate group 151: very similar names – probably the same item | Spelling: ""naphthlane"" → ""naphthalene""?",home,₹100,1,Naphthlane Balls Rs 100,
151,Napthalene Balls,Naphthalene Balls,"Duplicate group 151: very similar names – probably the same item | Spelling: ""napthalene"" → ""naphthalene""?",home,₹30 – ₹150,2,NAPTHALENE BALLS Rs 150 / NAPTHALENE BALLS Rs 30,
151,Napthalin Ball,Naphthalene Ball,"Duplicate group 151: very similar names – probably the same item | Spelling: ""napthalin"" → ""naphthalene""?",home,₹130,1,NAPTHALIN BALL RS 130,
151,Napthelene Balls,Naphthalene Balls,"Duplicate group 151: very similar names – probably the same item | Spelling: ""napthelene"" → ""naphthalene""?",home,₹35 – ₹70,2,Napthelene balls Rs 35 / Napthelene balls Rs 70,
152,Oma Kundam,,Duplicate group 152: very similar names – probably the same item,pooja,₹575 – ₹675,2,OMA KUNDAM Rs 575 / OMA KUNDAM Rs 675,
152,Oma Kundan,Oma Kundam,"Duplicate group 152: very similar names – probably the same item | Spelling: ""kundan"" → ""kundam""?",cookware,₹695,1,Oma Kundan Rs 695,
152,Omakundam,Oma Kundam,Duplicate group 152: very similar names – probably the same item,pooja,₹898,1,Omakundam Rs 898,
153,Pillaiyar Manai,Pillayar Manai,Duplicate group 153: very similar names – probably the same item,cookware,₹1198,1,PILLAIYAR MANAI Rs 1198,
153,Pillayar Manai,,Duplicate group 153: very similar names – probably the same item,cookware,₹375 – ₹1598,6,Pillayar manai 375 / Pillayar manai 629 / Pillayar manai Rs 1398,
154,Pillow,,Duplicate group 154: very similar names – probably the same item,home,₹95 – ₹269,7,PILLOW RS 190 / PILLOW RS 225 / PILLOW RS 260,
154,Pillows,Pillow,Duplicate group 154: very similar names – probably the same item,home,₹160,1,PILLOWS RS 160,
155,Phenayle,Phenyle,"Duplicate group 155: very similar names – probably the same item | Spelling: ""phenayle"" → ""phenyle""? | unclear name – customers won’t know what this is",other,₹45 – ₹60,3,PHENAYLE RS 45 / PHENAYLE RS 60 / PHENAYLE Rs 48,
155,Phenyle,,Duplicate group 155: very similar names – probably the same item,home,₹70,1,PHENYLE,
156,Phenayle 5 L,Phenyle 5 L,"Duplicate group 156: very similar names – probably the same item | Spelling: ""phenayle"" → ""phenyle""?",other,₹260 – ₹280,2,PHENAYLE 5L 280 / PHENAYLE 5L RS 260,
156,Phenyle 5 L,,Duplicate group 156: very similar names – probably the same item,home,₹240,1,PHENYLE 5 ltr. Rs 240,
157,Plastic Broom Stick,,Duplicate group 157: very similar names – probably the same item,storage,₹130,1,Plastic Broom Stick 130,
157,Plastic Broomstick,Plastic Broom Stick,Duplicate group 157: very similar names – probably the same item,storage,₹120,1,Plastic Broomstick 120,
158,Plate,,Duplicate group 158: very similar names – probably the same item,steel,₹10 – ₹748,98,PLATE 10 / PLATE 13 / PLATE 17,
158,Plates,Plate,Duplicate group 158: very similar names – probably the same item,steel,₹100 – ₹200,4,PLATES Rs 100 / PLATES Rs 150 / PLATES Rs 180,
159,Premier Non Stick Tawa,,Duplicate group 159: very similar names – probably the same item,cookware,₹1148,1,(PREMIER) NON STICK TAWA Rs 1157,
159,Prestige Non Stick Tawa,Premier Non Stick Tawa,Duplicate group 159: very similar names – probably the same item,appliances,₹960,1,Prestige Non stick tawa Rs 960,
159,Prestige Nonstick Tawa,Premier Non Stick Tawa,Duplicate group 159: very similar names – probably the same item,appliances,₹1098 – ₹1450,2,Prestige nonstick tawa Rs 1098 / Prestige nonstick tawa Rs 1450,
160,Prestige Nonstick Kadai,,Duplicate group 160: very similar names – probably the same item,appliances,₹1329 – ₹1650,2,Prestige nonstick kadai 1650 / Prestige nonstick kadai Rs 1329,
161,Rice Pot Drain Stand,,Duplicate group 161: very similar names – probably the same item,cookware,₹180 – ₹210,3,RICE POT DRAIN STAND Rs 210 / Rice pot drain stand 180 / Rice pot drain stand Rs 195,
161,Rice Pot Drainer Stand,Rice Pot Drain Stand,Duplicate group 161: very similar names – probably the same item,cookware,₹190,1,RICE POT DRAINER STAND Rs 190,
162,Sambarani Stand,Sambrani Stand,Duplicate group 162: very similar names – probably the same item,storage,₹240,1,Sambarani Stand Rs 240,
162,Sambrani Stand,,Duplicate group 162: very similar names – probably the same item,storage,₹120 – ₹175,2,W.Sambrani Stand Rs 120 / W.Sambrani Stand Rs 175,
162,Samrani Stand,Sambrani Stand,Duplicate group 162: very similar names – probably the same item,storage,₹180,1,Samrani Stand Rs 180,
163,Sandwich Maker,,Duplicate group 163: very similar names – probably the same item,appliances,₹1369,1,Sandwich maker Rs 1369,
163,Sandwitch Maker,Sandwich Maker,"Duplicate group 163: very similar names – probably the same item | Spelling: ""sandwitch"" → ""sandwich""?",appliances,₹4490,1,Sandwitch maker Rs 4490,
164,Sauce Pan,,Duplicate group 164: very similar names – probably the same item,cookware,₹128 – ₹940,56,SAUCE PAN  RS 265 / SAUCE PAN 128 / SAUCE PAN 240,
164,Saucepan,Sauce Pan,Duplicate group 164: very similar names – probably the same item,cookware,₹130 – ₹450,7,SAUCEPAN Rs 130 / SAUCEPAN Rs 135 / SAUCEPAN Rs 150,
165,Scissor,,Duplicate group 165: very similar names – probably the same item,cookware,₹25 – ₹390,32,SCISSOR RS 240 / SCISSOR RS 350 / SCISSOR RS 390,
165,Scissors,Scissor,Duplicate group 165: very similar names – probably the same item,cookware,₹48 – ₹198,5,SCISSORS Rs 65 / SCISSORS Rs 70 / SCISSORS Rs 80,
166,Scrub,Scrubber,Duplicate group 166: very similar names – probably the same item,home,₹15 – ₹70,5,SCRUB Rs 15 / Scrub 40 / Scrub Rs 25,
166,Scrubber,,Duplicate group 166: very similar names – probably the same item,home,₹12 – ₹190,5,SCRUBBER 30 / SCRUBBER RS 60 / SCRUBBER Rs 25,
166,Scrubby,Scrubber,Duplicate group 166: very similar names – probably the same item,home,₹80,1,Scrubby Rs 80,
167,See Throgh Dabba,See Through Dabba,Duplicate group 167: very similar names – probably the same item,steel,₹340,1,SEE THROGH DABBA 340,
167,See Through Dabba,,Duplicate group 167: very similar names – probably the same item,steel,₹145 – ₹450,14,SEE THROUGH DABBA 218 / SEE THROUGH DABBA 280 / SEE THROUGH DABBA 298,
168,Silcon Spatula,Silicone Spatula,"Duplicate group 168: very similar names – probably the same item | Spelling: ""silcon"" → ""silicone""?",cookware,₹90,1,SILCON SPATULA Rs 90,
168,Silicon Spatula,Silicone Spatula,"Duplicate group 168: very similar names – probably the same item | Spelling: ""silicon"" → ""silicone""?",cookware,₹25 – ₹30,2,SILICON SPATULA Rs 25 / SILICON SPATULA Rs 30,
169,Silicon Brush,Silicone Brush,"Duplicate group 169: very similar names – probably the same item | Spelling: ""silicon"" → ""silicone""?",cookware,₹15 – ₹25,3,SILICON BRUSH Rs 15 / SILICON BRUSH Rs 20 / SILICON BRUSH Rs 25,
169,Silicone Brush,,Duplicate group 169: very similar names – probably the same item,cookware,₹15 – ₹20,2,Silicone Brush Rs 15 / Silicone Brush Rs 20,
170,Sink Drainer,Sink Strainer,Duplicate group 170: very similar names – probably the same item,home,₹35 – ₹125,4,SINK DRAINER 80 / SINK DRAINER RS 125 / SINK DRAINER Rs 35,
170,Sink Strainer,,Duplicate group 170: very similar names – probably the same item,cookware,₹15 – ₹50,6,SINK STRAINER / SINK STRAINER  Rs 30 / SINK STRAINER Rs 20,
171,Spil Free 2 L,,Duplicate group 171: very similar names – probably the same item,cookware,₹1910,1,Spil Free 2.Lit Rs 1910,
171,Spillfree 2 L,Spil Free 2 L,Duplicate group 171: very similar names – probably the same item,cookware,₹1825,1,SPILLFREE 2 Lit. Rs 1825,
172,Spil Free 5 L,,Duplicate group 172: very similar names – probably the same item,cookware,₹2780,1,Spil Free 5.Lit Rs 2780,
172,Spillfree 5 L,Spil Free 5 L,Duplicate group 172: very similar names – probably the same item,cookware,₹2680,1,SPILLFREE 5 Lit. Rs 2680,
173,Sponge Wipe,,Duplicate group 173: very similar names – probably the same item,home,₹120,1,Sponge Wipe Rs 120,
173,Sponge Wipes,Sponge Wipe,Duplicate group 173: very similar names – probably the same item,home,₹110,1,Sponge wipes Rs 110,
174,Stainer,Strainer,"Duplicate group 174: very similar names – probably the same item | Spelling: ""stainer"" → ""strainer""? | unclear name – customers won’t know what this is",other,₹100 – ₹348,2,STAINER Rs100 / Stainer Rs 348,
174,Strainer,,Duplicate group 174: very similar names – probably the same item,cookware,₹12 – ₹198,16,STRAINER 125 / STRAINER RS 12 / STRAINER RS 160,
175,Stainless Steel Bottle,,Duplicate group 175: very similar names – probably the same item,bottles,₹180 – ₹320,5,SS BOTTLE RS 265 / SS BOTTLE RS 280 / SS BOTTLE RS 300,
175,Stainless Steel Bottlers,Stainless Steel Bottles,"Duplicate group 175: very similar names – probably the same item | Spelling: ""bottlers"" → ""bottles""?",bottles,₹255,1,S S BottleRs 255,
176,Stainless Steel Container,,Duplicate group 176: very similar names – probably the same item,steel,₹669 – ₹825,3,S S CONTAINER Rs 698 / S S Container Rs 669 / S S Container Rs 825,
176,Stainless Steel Containers,Stainless Steel Container,Duplicate group 176: very similar names – probably the same item,steel,₹150,1,S S Containers Rs 150,
177,Stainless Steel Oil Can,,Duplicate group 177: very similar names – probably the same item,steel,₹180 – ₹498,8,S S OIL CAN Rs 398 / S S OIL CAN Rs 420 / S S OIL CAN Rs 469,
177,Stainless Steel Oilcan,Stainless Steel Oil Can,Duplicate group 177: very similar names – probably the same item,steel,₹270 – ₹290,2,SS OILCAN Rs 270 / SS OILCAN Rs 290,
178,Stainless Steel Stainer,Stainless Steel Strainer,"Duplicate group 178: very similar names – probably the same item | Spelling: ""stainer"" → ""strainer""?",steel,₹130 – ₹140,2,S S Stainer Rs 130 / S S Stainer Rs 140,
178,Stainless Steel Strainer,,Duplicate group 178: very similar names – probably the same item,cookware,₹100,1,S S STRAINER Rs100,
179,Steel Dewasa,Steel Dewsa,Duplicate group 179: very similar names – probably the same item,steel,₹629,1,Steel Dewasa 629,
179,Steel Dewsa,,Duplicate group 179: very similar names – probably the same item,steel,₹539,1,Steel Dewsa Rs 539,
180,Stra Tumbler,Straw Tumbler,Duplicate group 180: very similar names – probably the same item,steel,₹128,1,STRA TUMBLER 128,
180,Straw Tumbler,,Duplicate group 180: very similar names – probably the same item,steel,₹15 – ₹190,15,STRAW TUMBLER / STRAW TUMBLER 160 / STRAW TUMBLER 180,
181,Straw,Straw Glass,Duplicate group 181: very similar names – probably the same item | unclear name – customers won’t know what this is,other,₹40,1,STRAW Rs 40,
181,Straw Glass,,Duplicate group 181: very similar names – probably the same item,steel,₹24,1,Straw glass Rs 24,
181,Straws,Straw Glass,Duplicate group 181: very similar names – probably the same item | unclear name – customers won’t know what this is,other,₹200,1,Straws Rs 200,
182,Tadka Pan,,Duplicate group 182: very similar names – probably the same item,cookware,₹90 – ₹489,9,TADKA PAN 100 / TADKA PAN 200 / TADKA PAN 489,
182,Tadkapan,Tadka Pan,Duplicate group 182: very similar names – probably the same item,cookware,₹225,1,TADKAPAN RS 225,
183,Tea Poy,,Duplicate group 183: very similar names – probably the same item,cookware,₹498 – ₹589,2,TEA POY RS 498 / TEA POY RS 589,
183,Teapoy,Tea Poy,Duplicate group 183: very similar names – probably the same item | unclear name – customers won’t know what this is,other,₹898,1,TEAPOY Rs 898,
184,Tea Stariner,Tea Strainer,"Duplicate group 184: very similar names – probably the same item | Spelling: ""stariner"" → ""strainer""?",cookware,₹50,1,TEA STARINER 50,
184,Tea Strainer,,Duplicate group 184: very similar names – probably the same item,cookware,₹25 – ₹80,5,TEA STRAINER 75 / TEA STRAINER 80 / TEA STRAINER RS 35,
185,Triply Cook Pot,,Duplicate group 185: very similar names – probably the same item,cookware,₹2598,1,Triply Cook Pot Rs 2598,
185,Triply Cookpot,Triply Cook Pot,Duplicate group 185: very similar names – probably the same item,cookware,₹2190,1,Triply Cookpot Rs 2190,
186,Triply Frypan,Try Fly Fry Pan,Duplicate group 186: very similar names – probably the same item,cookware,₹498 – ₹895,5,TRIPLY FRYPAN 845 / TRIPLY FRYPAN 869 / TRIPLY FRYPAN Rs 498,
186,Try Fly Fry Pan,,Duplicate group 186: very similar names – probably the same item,cookware,₹969,1,TRY FLY FRY PAN Rs 969,
187,Triply Sauce Pan,,Duplicate group 187: very similar names – probably the same item,cookware,₹675,1,TRI PLY SAUCE PAN 675,
187,Triply Saucepan,Triply Sauce Pan,Duplicate group 187: very similar names – probably the same item,cookware,₹690,1,TRIPLYSAUCEPAN 690,
188,Tooth Pick,Toothpick,Duplicate group 188: very similar names – probably the same item,other,₹10 – ₹15,2,Tooth Pick Rs 10 / Tooth pick Rs 15,
188,Toothpick,,Duplicate group 188: very similar names – probably the same item | unclear name – customers won’t know what this is,other,₹20 – ₹30,3,TOOTHPICK / TOOTHPICK RS 20 / Toothpick 25,
189,Tile Scruber,Tile Scrubber,"Duplicate group 189: very similar names – probably the same item | Spelling: ""scruber"" → ""scrubber""?",home,₹295,1,TILE SCRUBER Rs 295,
189,Tiles Scrubber,,Duplicate group 189: very similar names – probably the same item,home,₹95 – ₹100,2,TILES SCRUBBER Rs 95 / Tiles scrubber 100,
190,Tissue,,Duplicate group 190: very similar names – probably the same item,home,₹25 – ₹80,6,TISSUE RS 60 / TISSUE RS 80 / Tissue Rs 25,
190,Tissues,Tissue,Duplicate group 190: very similar names – probably the same item | unclear name – customers won’t know what this is,other,₹45 – ₹75,2,TISSUES RS 75 / TISSUES Rs 45,
191,Twist Mop,,Duplicate group 191: very similar names – probably the same item,home,₹150 – ₹399,4,TWIST MOP RS 150 / TWIST MOP RS 225 / TWIST MOP Rs 375,
191,Twister Mop,Twist Mop,Duplicate group 191: very similar names – probably the same item,home,₹260 – ₹395,3,TWISTER MOP Rs 360 / TWISTER MOP Rs 395 / Twister mop Rs 260,
192,Undial,Undiyal,Duplicate group 192: very similar names – probably the same item | unclear name – customers won’t know what this is,other,₹398,1,Undial Rs 398,
192,Undiyal,,Duplicate group 192: very similar names – probably the same item,pooja,₹20 – ₹310,14,UNDIYAL RS 45 / UNDIYAL RS 90 / UNDIYAL Rs 135,
193,Wash Kudai,,Duplicate group 193: very similar names – probably the same item,storage,₹100 – ₹1390,20,WASH KUDAI RS 160 / WASH KUDAI Rs 1195 / WASH KUDAI Rs 175,
193,Washkudai,Wash Kudai,Duplicate group 193: very similar names – probably the same item | unclear name – customers won’t know what this is,other,₹180,1,WASHKUDAI 180,
194,Veg Filter,,Duplicate group 194: very similar names – probably the same item,cookware,₹70 – ₹550,19,VEG FILETER Rs 349 / VEG FILTER 168 / VEG FILTER RS 190,
194,Vegfilter,Veg Filter,Duplicate group 194: very similar names – probably the same item | unclear name – customers won’t know what this is,other,₹30,1,VEGFILTER RS 30,
195,Wheel Waste Bin,,Duplicate group 195: very similar names – probably the same item,storage,₹2690,1,Wheel waste bin Rs 2690,
195,Wheele Waste Bin,Wheel Waste Bin,Duplicate group 195: very similar names – probably the same item,storage,₹1650,1,WHEELE WASTE BIN 1650,
196,Wood Pen Stand,Wooden Stand,Duplicate group 196: very similar names – probably the same item,cookware,₹90,1,WOOD PEN STAND Rs 90,
196,Wooden Stand,,Duplicate group 196: very similar names – probably the same item,cookware,₹145 – ₹315,7,WOODEN STAND 275 / WOODEN STAND 295 / WOODEN STAND Rs 145,
,Aarathi,Arathi,"Spelling: ""aarathi"" → ""arathi""? | doubled first letter | unclear name – customers won’t know what this is",other,₹298,1,Aaarathi 298,
,Ace 2b,,unclear name – customers won’t know what this is,appliances,₹2718,1,Ace 2B Rs 2718,
,Achchu,Achu,"Spelling: ""achchu"" → ""achu""? | unclear name – customers won’t know what this is",other,₹65,1,Achchu Rs 65,
,Acid,,unclear name – customers won’t know what this is,other,₹40 – ₹48,2,ACID Rs 40 / Acid Rs 48,
,Air Freshner,Air Freshener,"Spelling: ""freshner"" → ""freshener""?",other,₹20 – ₹164,7,AIR FRESHNER / AIR FRESHNER 40 / Air Frashner Rs 30,
,Air Pllow Big,Air Pillow Big,"Spelling: ""pllow"" → ""pillow""?",home,₹175 – ₹180,2,Air Pllow Big Rs 175 / Air Pllow Big Rs 180,
,Apple Nanda,,unclear name – customers won’t know what this is,other,₹160 – ₹550,3,Apple nanda Rs 160 / Apple nanda Rs 340 / Apple nanda Rs 550,
,Argent Classic Cokker 6.5 L,Argent Classic Cooker 6.5 L,"Spelling: ""cokker"" → ""cooker""?",other,₹3960,1,Argent classic cokker 6.5L,
,Ashtalakshmi,,unclear name – customers won’t know what this is,other,₹439,1,ASHTALAKSHMI 439,
,Avengers,,unclear name – customers won’t know what this is,other,₹245,1,AVENGERS Rs 245,
,Baby Chirs,Baby Chairs,"Spelling: ""chirs"" → ""chairs""?",home,₹295,1,Baby Chirs Rs 295,
,Barrel,,unclear name – customers won’t know what this is,other,₹569 – ₹898,5,BARREL Rs 698 / BARREL Rs 850 / Barrel Rs 569,
,Basin,,unclear name – customers won’t know what this is,other,₹38 – ₹390,13,BASIN RS  335 / BASIN RS 198 / BASIN RS 265,
,Beder,,unclear name – customers won’t know what this is,other,₹120,1,BEDER RS 120,
,Belon,,unclear name – customers won’t know what this is,other,₹270,1,BELON Rs 270,
,Besan,,unclear name – customers won’t know what this is,other,₹319,1,BESAN Rs 319,
,Blossom,,unclear name – customers won’t know what this is,other,₹495,1,BLOSSOM Rs 495,
,Bolt 3b,,unclear name – customers won’t know what this is,appliances,₹3827,1,Bolt 3B Rs 3827,
,Brass Jalladai,Brass Jaladai,"Spelling: ""jalladai"" → ""jaladai""?",brass,₹760,1,Brass Jalladai Rs 760,
,Brass Karpura Aarathi,Brass Karpura Arathi,"Spelling: ""aarathi"" → ""arathi""?",brass,₹69 – ₹160,2,BRASS KARPURA AARATHI Rs 160 / BRASS KARPURA AARATHI Rs 69,
,Broom Dustar,Broom Duster,"Spelling: ""dustar"" → ""duster""?",home,₹225,1,Broom Dustar Rs 225,
,Buds,,unclear name – customers won’t know what this is,other,₹15 – ₹45,5,BUDS Rs 45 / Buds 15 / Buds 30,
,Cartoon,,unclear name – customers won’t know what this is,other,₹98,1,CARTOON Rs 98,
,Cast Iron Skilet 8inch,Cast Iron Skillet 8inch,"Spelling: ""skilet"" → ""skillet""?",cookware,₹1349,1,CAST IRON SKILET (8inch) Rs 1349,
,Chain,,unclear name – customers won’t know what this is,other,₹90,1,CHAIN Rs 90,
,Chappar,,unclear name – customers won’t know what this is,other,₹110 – ₹125,2,Chappar Rs 110 / Chappar Rs 125,
,Chir,,unclear name – customers won’t know what this is,other,₹695,1,Chir Rs 695,
,Chirs,Chairs,"Spelling: ""chirs"" → ""chairs""?",home,₹429 – ₹1195,2,Chirs Rs 1195 / Chirs Rs 429,
,Choumukha,,unclear name – customers won’t know what this is,other,₹50 – ₹75,4,Choumukha Rs 50 / Choumukha Rs 55 / Choumukha Rs 60,
,Coffee Dabara Set,Coffee Dabbara Set,"Spelling: ""dabara"" → ""dabbara""?",cookware,₹160 – ₹298,6,COFFEE DABARA SET 270 / COFFEE DABARA SET 280 / COFFEE DABARA SET RS 295,
,Coin,,unclear name – customers won’t know what this is,other,₹100,1,COIN Rs 100,
,Comuga,,unclear name – customers won’t know what this is,other,₹319 – ₹410,2,COMUGA  319 / COMUGA RS 410,
,Coppar Kudam,Copper Kudam,"Spelling: ""coppar"" → ""copper""?",steel,₹790 – ₹2990,2,Coppar Kudam Rs 2990 / Coppar Kudam Rs 790,
,Coppar Sombu,Copper Sombu,"Spelling: ""coppar"" → ""copper""?",pooja,₹498,1,Coppar Sombu Rs 498,
,Corper Brush,Copper Brush,"Spelling: ""corper"" → ""copper""?",home,₹120,1,Corper Brush Rs 120,
,Corpet Brush,Carpet Brush,"Spelling: ""corpet"" → ""carpet""?",home,₹105,1,Corpet Brush Rs 105,
,Crab,,unclear name – customers won’t know what this is,other,₹135,1,CRAB Rs 135,
,Cube,,unclear name – customers won’t know what this is,other,₹150,1,CUBE RS 150,
,Daksha,,unclear name – customers won’t know what this is,other,₹549 – ₹589,3,Daksha Rs 549 / Daksha Rs 569 / Daksha Rs 589,
,Dope,,unclear name – customers won’t know what this is,other,₹175 – ₹629,10,DOPE RS 215 / DOPE RS 289 / DOPE Rs 175,
,Drawer,,unclear name – customers won’t know what this is,other,₹120 – ₹1098,12,DRAWER RS 1098 / DRAWER RS 150 / DRAWER RS 200,
,Dub,,unclear name – customers won’t know what this is,other,₹120,1,Dub Rs 120,
,Eeya Sombu,,doubled first letter,pooja,₹1965,1,Eeya Sombu Rs 1965,
,Foldable Kattle,Foldable Kettle,"Spelling: ""kattle"" → ""kettle""?",other,₹2290,1,FOLDABLE KATTLE RS 2290,
,Friendly Shakthi 2b,,unclear name – customers won’t know what this is,appliances,₹3057,1,Friendly Shakthi 2B  Rs 3057,
,Garbage,,unclear name – customers won’t know what this is,other,₹35 – ₹45,2,Garbage Rs 35 / Garbage Rs 45,
,Gasket,,unclear name – customers won’t know what this is,other,₹135,1,Gasket 135,
,Gendi,,unclear name – customers won’t know what this is,other,₹290,1,Gendi Rs 290,
,Gift,,unclear name – customers won’t know what this is,other,₹195 – ₹960,23,GIFT Rs 260 / GIFT Rs 270 / GIFT Rs 295,
,Ginger Greater,Ginger Grater,"Spelling: ""greater"" → ""grater""?",cookware,₹28,1,GINGER GREATER Rs 28,
,Grade,,unclear name – customers won’t know what this is,other,₹350,1,GRADE RS 350,
,Gun,,unclear name – customers won’t know what this is,other,₹225,1,GUN Rs 225,
,Heavells Water Heater,Havells Water Heater,"Spelling: ""heavells"" → ""havells""?",appliances,₹6980,1,Heavells Water Heater Rs 6980,
,Horn,,unclear name – customers won’t know what this is,other,₹70,1,Horn Rs 70,
,Housie,,unclear name – customers won’t know what this is,other,₹340,1,HOUSIE RS 340,
,Jaguar Jumbo,,unclear name – customers won’t know what this is,other,₹310,1,Jaguar jumbo Rs 310,
,Jaguar Small,,unclear name – customers won’t know what this is,other,₹175,1,Jaguar small Rs 175,
,Jarni,,unclear name – customers won’t know what this is,other,₹25 – ₹598,20,JARNI RS 25 / JARNI RS 35 / JARNI RS 50,
,Jolta,,unclear name – customers won’t know what this is,other,₹60 – ₹105,5,JOLTA Rs 60 / JOLTA Rs 70 / JOLTA Rs 80,
,Judge Paniyarakkal,Judge Paniyarakal,"Spelling: ""paniyarakkal"" → ""paniyarakal""?",appliances,₹1098,1,Judge Paniyarakkal 1098,
,Karpura Aarathi,Karpura Arathi,"Spelling: ""aarathi"" → ""arathi""?",other,₹95 – ₹130,3,KARPURA AARATHI Rs 125 / KARPURA AARATHI Rs 95 / Karpura Aarathi Rs 130,
,Kettle Havella,Kettle Havells,"Spelling: ""havella"" → ""havells""?",appliances,₹2050,1,KETTLE(HAVELLA) Rs 2050,
,Kitty 1000,,unclear name – customers won’t know what this is,other,₹330,1,KITTY 1000 RS 330,
,Kumcha,,unclear name – customers won’t know what this is,cookware,₹80 – ₹198,7,KUMCHA Rs 160 / Kumcha Rs 115 / Kumcha Rs 138,
,Launch Bag,Lunch Bag,"Spelling: ""launch"" → ""lunch""?",storage,₹125 – ₹160,2,Launch Bag Rs 125 / Launch Bag Rs 160,
,Leddle,Laddle,"Spelling: ""leddle"" → ""laddle""? | unclear name – customers won’t know what this is",other,₹25 – ₹60,5,W.LEDDLE RS 25 / W.LEDDLE RS 30 / W.LEDDLE RS 35,
,Look,,unclear name – customers won’t know what this is,other,₹20,1,Look Rs 20,
,Luster Brown,,unclear name – customers won’t know what this is,other,₹1590,1,Luster Brown Rs 1590,
,Machiner Cover,Machine Cover,"Spelling: ""machiner"" → ""machine""?",home,₹300,1,Machiner Cover Rs 300,
,Mantra,,unclear name – customers won’t know what this is,other,₹360,1,MANTRA Rs 360,
,Matka,,unclear name – customers won’t know what this is,other,₹130 – ₹420,5,MATKA Rs 190 / Matka Rs 130 / Matka Rs 140,
,Mirror Stickers,Mirror Sticker,"Spelling: ""stickers"" → ""sticker""?",home,₹120 – ₹150,2,Mirror Stickers Rs 120 / Mirror stickers Rs 150,
,Modak,,unclear name – customers won’t know what this is,other,₹80,1,Modak Rs 80,
,Monkey 555,,unclear name – customers won’t know what this is,other,₹30,1,Monkey 555 Rs 30,
,Mudi,,unclear name – customers won’t know what this is,other,₹180 – ₹210,2,MUDI RS 180 / MUDI Rs 210,
,Mukkali,,unclear name – customers won’t know what this is,other,₹35 – ₹298,11,MUKKALI / MUKKALI   Rs 195 / MUKKALI  Rs 180,
,Musquito Net,Mosquito Net,"Spelling: ""musquito"" → ""mosquito""?",home,₹350,1,Musquito Net Rs 350,
,Mutka,,unclear name – customers won’t know what this is,other,₹120,1,MUTKA Rs 120,
,Nada Vandi,Nada Vadi,"Spelling: ""vandi"" → ""vadi""?",other,₹395 – ₹690,4,NADA VANDI Rs 395 / NADA VANDI Rs 630 / NADA VANDI Rs 645,
,Non-Stick Paniyarakacl,Non-Stick Paniyarakal,"Spelling: ""paniyarakacl"" → ""paniyarakal""?",cookware,₹598,1,NS PANIYARAKACL  RS 598,
,Novelty Compact,,unclear name – customers won’t know what this is,other,₹2739,1,NOVELTY COMPACT Rs 2739,
,Oppo 4000ml,,unclear name – customers won’t know what this is,other,₹498,1,Oppo 4000ml Rs 498,
,Oppo 5000ml,,unclear name – customers won’t know what this is,other,₹579,1,Oppo 5000ml Rs 579,
,Padi,,unclear name – customers won’t know what this is,other,₹40 – ₹225,14,PADI RS 130 / PADI RS 80 / PADI Rs 90,
,Pakkad,,unclear name – customers won’t know what this is,other,₹50 – ₹190,11,PAKKAD RS 125 / PAKKAD Rs 100 / PAKKAD Rs 110,
,Palta,,unclear name – customers won’t know what this is,other,₹325,1,PALTA RS 325,
,Panasonic Washer,Panasonic Wash,"Spelling: ""washer"" → ""wash""?",other,₹30 – ₹40,2,PANASONIC WASHER RS 30 / PANASONIC WASHER RS 40,
,Panja Aarthi,Panja Arathi,"Spelling: ""aarthi"" → ""arathi""?",pooja,₹210 – ₹498,4,Panja aarthi 210 / Panja aarthi 498 / Panja aarthi Rs 360,
,Patla,,unclear name – customers won’t know what this is,other,₹75 – ₹1590,17,PATLA RS 175 / PATLA RS 178 / PATLA Rs 100,
,Penguin,,unclear name – customers won’t know what this is,toys,₹98,1,PENGUIN Rs 98,
,Perfume,,unclear name – customers won’t know what this is,other,₹199 – ₹261,2,Perfume Rs 199 / Perfume Rs 261,
,Phenayle Floorosol,Phenyle Floorosol,"Spelling: ""phenayle"" → ""phenyle""?",other,₹48,1,PHENAYLE (FLOOROSOL) Rs 48,
,Pinail,,unclear name – customers won’t know what this is,other,₹40 – ₹80,3,PINAIL Rs 40 / PINAIL Rs 45 / PINAIL Rs 80,
,Pipe,,unclear name – customers won’t know what this is,other,₹75,1,Pipe Rs 75,
,Plant,,unclear name – customers won’t know what this is,other,₹225 – ₹325,2,PLANT Rs 225 / PLANT Rs 325,
,Plant Basker,Plant Basket,"Spelling: ""basker"" → ""basket""?",other,₹23,1,Plant Basker Rs 23,
,Plunger,,unclear name – customers won’t know what this is,other,₹45 – ₹90,4,PLUNGER Rs 45 / Plunger Rs 50 / Plunger Rs 80,
,Polo,,unclear name – customers won’t know what this is,other,₹425,1,POLO Rs 425,
,Powdar Bowl,Powder Bowl,"Spelling: ""powdar"" → ""powder""?",steel,₹50,1,Powdar Bowl Rs 50,
,Premier Amiga,,unclear name – customers won’t know what this is,cookware,₹3980,1,PREMIER AMIGA,
,Premier Flamma,,unclear name – customers won’t know what this is,cookware,₹4790,1,PREMIER FLAMMA,
,Premier Glow,,unclear name – customers won’t know what this is,cookware,₹4190,1,PREMIER GLOW,
,Progun,,unclear name – customers won’t know what this is,other,₹180,1,PROGUN Rs 180,
,Puff,,unclear name – customers won’t know what this is,other,₹18 – ₹25,3,PUFF RS 18 / PUFF Rs 20 / PUFF Rs 25,
,Punal,,unclear name – customers won’t know what this is,other,₹40,1,Punal 40,
,Reptile,,unclear name – customers won’t know what this is,other,₹385,1,REPTILE Rs 385,
,Roof Dustar,Roof Duster,"Spelling: ""dustar"" → ""duster""?",home,₹70,1,Roof Dustar Rs 70,
,Rostar,,unclear name – customers won’t know what this is,other,₹100,1,Rostar Rs 100,
,Salt & Peppar,Salt & Pepper,"Spelling: ""peppar"" → ""pepper""?",steel,₹25,1,Salt &Peppar Rs 25,
,Sanitizer,,unclear name – customers won’t know what this is,other,₹80,1,SANITIZER Rs 80,
,Seprator,,unclear name – customers won’t know what this is,other,₹510 – ₹549,2,Seprator Rs 510 / Seprator Rs 549,
,Sharpener,,unclear name – customers won’t know what this is,other,₹80,1,Sharpener Rs 80,
,Silcer,Slicer,"Spelling: ""silcer"" → ""slicer""? | unclear name – customers won’t know what this is",other,₹395,1,SILCER Rs 395,
,Silicon Set,Silicone Set,"Spelling: ""silicon"" → ""silicone""?",cookware,₹200,1,SILICON SET Rs 200,
,Simizh,,unclear name – customers won’t know what this is,other,₹198,1,SIMIZH 198,
,Somugha,,unclear name – customers won’t know what this is,other,₹569,1,Somugha Rs 569,
,Sozi,,unclear name – customers won’t know what this is,other,₹100,1,Sozi Rs 100,
,Spong,,unclear name – customers won’t know what this is,other,₹15,1,spong Rs 15,
,Sprayer,,unclear name – customers won’t know what this is,other,₹50 – ₹225,8,SPRAYER RS 90 / SPRAYER Rs 225 / Sprayer Rs 50,
,Squeezer,,unclear name – customers won’t know what this is,other,₹75,1,SQUEEZER Rs 75,
,Stainless Steel Laddel,Stainless Steel Laddle,"Spelling: ""laddel"" → ""laddle""?",steel,₹85,1,S S Laddel 85,
,Standard 5 L,,unclear name – customers won’t know what this is,cookware,₹1495 – ₹1570,3,Standard 5 Lit Rs1495 / Standard 5 ltr Rs 1495 / Standard 5.Lit Rs 1570,
,Stick,,unclear name – customers won’t know what this is,other,₹160,1,Stick Rs 160,
,Tap,,unclear name – customers won’t know what this is,other,₹30,1,TAP 30,
,Terminator,,unclear name – customers won’t know what this is,other,₹40 – ₹65,3,TERMINATOR RS 40 / Terminator Rs 45 / Terminator Rs 65,
,Thavala,Thavali,"Spelling: ""thavala"" → ""thavali""? | unclear name – customers won’t know what this is",other,₹929 – ₹1048,2,Thavala Rs 1048 / Thavala Rs 929,
,Thubakkal,,unclear name – customers won’t know what this is,other,₹50 – ₹360,3,THUBAKKAL Rs 185 / THUBAKKAL Rs 50 / Thubakkal Rs 360,
,Tiffan Box,Tiffin Box,"Spelling: ""tiffan"" → ""tiffin""?",storage,₹90 – ₹110,3,Tiffan Box 110 / Tiffan Box 90 / Tiffan Box 95,
,Tiffen Box,Tiffin Box,"Spelling: ""tiffen"" → ""tiffin""?",storage,₹89,1,TIFFEN BOX 89,
,Tiffen Carrier,Tiffin Carrier,"Spelling: ""tiffen"" → ""tiffin""?",steel,₹460 – ₹890,3,TIFFEN CARRIER RS 460 / TIFFEN CARRIER RS 639 / TIFFEN CARRIER RS 890,
,Tinnis Balls,Tennis Balls,"Spelling: ""tinnis"" → ""tennis""?",other,₹80,1,Tinnis Balls Rs 80,
,Tool,,unclear name – customers won’t know what this is,other,₹75,1,TOOL Rs 75,
,Tools,,unclear name – customers won’t know what this is,other,₹90,1,TOOLS Rs 90,
,Track,,unclear name – customers won’t know what this is,other,₹469 – ₹975,2,TRACK Rs 469 / TRACK Rs 975,
,Tricycle,,unclear name – customers won’t know what this is,other,₹125,1,TRICYCLE Rs 125,
,Trio 3b,,unclear name – customers won’t know what this is,appliances,₹4099,1,Trio 3B Rs 4099,
,Truck,,unclear name – customers won’t know what this is,other,₹200 – ₹250,2,TRUCK Rs 200 / TRUCK Rs 250,
,Ural,,unclear name – customers won’t know what this is,other,₹120 – ₹569,29,URAL 210 / URAL 225 / URAL 265,
,Veg Stand Suare,Veg Stand Square,"Spelling: ""suare"" → ""square""?",storage,₹280,1,Veg Stand Suare 280,
,Vell Depam,Vell Deepam,"Spelling: ""depam"" → ""deepam""?",other,₹769,1,Vell depam Rs 769,
,Visary,,unclear name – customers won’t know what this is,other,₹20,1,VISARY Rs 20,
,Visiri,,unclear name – customers won’t know what this is,other,₹12,1,Visiri Rs 12,
,Visiri 8,,unclear name – customers won’t know what this is,other,₹8,1,VISIRI 8,
,Walker,,unclear name – customers won’t know what this is,other,₹425 – ₹798,5,WALKER RS 429 / WALKER RS 690 / WALKER RS 790,
,Warrior,,unclear name – customers won’t know what this is,other,₹150,1,WARRIOR Rs 150,
,Whisker,Whisk,"Spelling: ""whisker"" → ""whisk""? | unclear name – customers won’t know what this is",other,₹12 – ₹70,10,WHISKER 40 / WHISKER 42 / WHISKER RS 12,
,Wipes,,unclear name – customers won’t know what this is,other,₹50 – ₹60,2,WIPES RS 50 / WIPES RS 60,
,Wll Stickers,Wll Sticker,"Spelling: ""stickers"" → ""sticker""?",home,₹30,1,Wll Stickers Rs 30,
,Wodden Manai,Wooden Manai,"Spelling: ""wodden"" → ""wooden""?",cookware,₹128,1,WODDEN MANAI 128,
